file,model,class_name,confidence,x1,y1,x2,y2
anuragraj03__frame00021_png.rf.38d421896f6c4c90266c4580f83c69e1,yolo,no-helmet,0.9224784970283508,0.4864834785461426,0.3126476764678955,0.600167179107666,0.49836020469665526
anuragraj03__frame00021_png.rf.38d421896f6c4c90266c4580f83c69e1,yolo,no-helmet,0.9157668948173523,0.22628648281097413,0.34802799224853515,0.3496227741241455,0.5080105781555175
anuragraj03__frame00021_png.rf.38d421896f6c4c90266c4580f83c69e1,yolo,no-boots,0.6950956583023071,0.32497029304504393,0.9537803649902343,0.3717911720275879,1.0
anuragraj03__frame00021_png.rf.38d421896f6c4c90266c4580f83c69e1,yolo,no-boots,0.694089949131012,0.3566118717193604,0.9699204444885254,0.41462459564208987,0.9997695922851563
anuragraj03__frame00021_png.rf.38d421896f6c4c90266c4580f83c69e1,yoloe,person,0.9054487943649292,0.44844069480896,0.32886013984680174,0.6782818794250488,1.0
anuragraj03__frame00021_png.rf.38d421896f6c4c90266c4580f83c69e1,yoloe,person,0.8325052261352539,0.2622344732284546,0.38833425045013426,0.3964092254638672,1.0
anuragraj03__frame00021_png.rf.38d421896f6c4c90266c4580f83c69e1,ollama,person,,,,,
anuragraj03__frame00021_png.rf.38d421896f6c4c90266c4580f83c69e1,ollama,helmet,,,,,
anuragraj03__frame00021_png.rf.38d421896f6c4c90266c4580f83c69e1,ollama,gloves,,,,,
anuragraj03__frame00021_png.rf.38d421896f6c4c90266c4580f83c69e1,ollama,boots,,,,,
anuragraj03__frame00021_png.rf.38d421896f6c4c90266c4580f83c69e1,ollama,vest,,,,,
anuragraj03__frame00021_png.rf.38d421896f6c4c90266c4580f83c69e1,ollama,no-helmet,,,,,
anuragraj03__frame00021_png.rf.38d421896f6c4c90266c4580f83c69e1,ollama,no-gloves,,,,,
anuragraj03__frame00021_png.rf.38d421896f6c4c90266c4580f83c69e1,ollama,no-boots,,,,,
anuragraj03__frame00021_png.rf.38d421896f6c4c90266c4580f83c69e1,ollama,no-vest,,,,,
anuragraj03__frame00021_png.rf.38d421896f6c4c90266c4580f83c69e1,qwen3-vl,person,,,,,
anuragraj03__frame00021_png.rf.38d421896f6c4c90266c4580f83c69e1,qwen3-vl,no-helmet,,,,,
anuragraj03__frame00021_png.rf.38d421896f6c4c90266c4580f83c69e1,qwen3-vl,no-gloves,,,,,
anuragraj03__frame00021_png.rf.38d421896f6c4c90266c4580f83c69e1,qwen3-vl,no-boots,,,,,
anuragraj03__frame00021_png.rf.38d421896f6c4c90266c4580f83c69e1,qwen3-vl,no-vest,,,,,
anuragraj03__frame00021_png.rf.38d421896f6c4c90266c4580f83c69e1,gemma4,person,,,,,
anuragraj03__frame00021_png.rf.38d421896f6c4c90266c4580f83c69e1,gemma4,helmet,,,,,
anuragraj03__frame00021_png.rf.38d421896f6c4c90266c4580f83c69e1,gemma4,gloves,,,,,
anuragraj03__frame00021_png.rf.38d421896f6c4c90266c4580f83c69e1,gemma4,boots,,,,,
anuragraj03__frame00021_png.rf.38d421896f6c4c90266c4580f83c69e1,gemma4,vest,,,,,
anuragraj03__frame00021_png.rf.6351ffaa10ce9e287cc0f1d232aee57e,yolo,no-helmet,0.8786530494689941,0.2743984222412109,0.410922908782959,0.32975919246673585,0.5298199653625488
anuragraj03__frame00021_png.rf.6351ffaa10ce9e287cc0f1d232aee57e,yolo,no-helmet,0.8462286591529846,0.4134077072143555,0.52482008934021,0.4686924457550049,0.6229533195495606
anuragraj03__frame00021_png.rf.6351ffaa10ce9e287cc0f1d232aee57e,yolo,no-boots,0.7732747197151184,0.4125152587890625,0.859164810180664,0.44529709815979,0.9019606590270997
anuragraj03__frame00021_png.rf.6351ffaa10ce9e287cc0f1d232aee57e,yolo,no-boots,0.7611739635467529,0.3224064826965332,0.9480969429016113,0.3636173248291016,0.9946129798889161
anuragraj03__frame00021_png.rf.6351ffaa10ce9e287cc0f1d232aee57e,yolo,no-boots,0.589508593082428,0.3511709928512573,0.9077415466308594,0.3779268980026245,0.9581311225891114
anuragraj03__frame00021_png.rf.6351ffaa10ce9e287cc0f1d232aee57e,yolo,no-boots,0.4225722551345825,0.44164133071899414,0.8699736595153809,0.46334362030029297,0.917364501953125
anuragraj03__frame00021_png.rf.6351ffaa10ce9e287cc0f1d232aee57e,yoloe,person,0.8887276649475098,0.2700679063796997,0.4183664321899414,0.37462663650512695,0.9865031242370605
anuragraj03__frame00021_png.rf.6351ffaa10ce9e287cc0f1d232aee57e,yoloe,person,0.8201494812965393,0.4070887565612793,0.5291417598724365,0.4906009197235107,0.9124924659729003
anuragraj03__frame00021_png.rf.6351ffaa10ce9e287cc0f1d232aee57e,ollama,person,,,,,
anuragraj03__frame00021_png.rf.6351ffaa10ce9e287cc0f1d232aee57e,qwen3-vl,person,,,,,
anuragraj03__frame00021_png.rf.6351ffaa10ce9e287cc0f1d232aee57e,qwen3-vl,no-helmet,,,,,
anuragraj03__frame00021_png.rf.6351ffaa10ce9e287cc0f1d232aee57e,qwen3-vl,no-gloves,,,,,
anuragraj03__frame00021_png.rf.6351ffaa10ce9e287cc0f1d232aee57e,qwen3-vl,no-boots,,,,,
anuragraj03__frame00021_png.rf.6351ffaa10ce9e287cc0f1d232aee57e,qwen3-vl,no-vest,,,,,
anuragraj03__frame00021_png.rf.6351ffaa10ce9e287cc0f1d232aee57e,gemma4,person,,,,,
anuragraj03__frame00021_png.rf.6351ffaa10ce9e287cc0f1d232aee57e,gemma4,boots,,,,,
anuragraj03__frame00021_png.rf.6351ffaa10ce9e287cc0f1d232aee57e,gemma4,no-helmet,,,,,
anuragraj03__frame00021_png.rf.6351ffaa10ce9e287cc0f1d232aee57e,gemma4,no-gloves,,,,,
anuragraj03__frame00021_png.rf.6351ffaa10ce9e287cc0f1d232aee57e,gemma4,no-vest,,,,,
anuragraj03__frame00021_png.rf.6f750430bf2c2ad4d0d34dd36a9377d0,yolo,helmet,0.8862192034721375,0.4416999816894531,0.35552158355712893,0.4900191783905029,0.4448878765106201
anuragraj03__frame00021_png.rf.6f750430bf2c2ad4d0d34dd36a9377d0,yolo,helmet,0.8796907663345337,0.729665994644165,0.43993391990661623,0.7867332458496094,0.5324960708618164
anuragraj03__frame00021_png.rf.6f750430bf2c2ad4d0d34dd36a9377d0,yolo,helmet,0.8775490522384644,0.7362653255462647,0.38450040817260744,0.78129563331604,0.4574429512023926
anuragraj03__frame00021_png.rf.6f750430bf2c2ad4d0d34dd36a9377d0,yolo,helmet,0.8712739944458008,0.19825165271759032,0.5555074214935303,0.24523916244506835,0.6612295150756836
anuragraj03__frame00021_png.rf.6f750430bf2c2ad4d0d34dd36a9377d0,yolo,helmet,0.8613972067832947,0.2530100345611572,0.42919082641601564,0.2947260856628418,0.5106692790985108
anuragraj03__frame00021_png.rf.6f750430bf2c2ad4d0d34dd36a9377d0,yolo,no-boots,0.836371898651123,0.6448818683624268,0.7086727619171143,0.6988541126251221,0.7565147876739502
anuragraj03__frame00021_png.rf.6f750430bf2c2ad4d0d34dd36a9377d0,yolo,no-boots,0.8303918242454529,0.6641039371490478,0.7379007339477539,0.7136437892913818,0.7763105392456054
anuragraj03__frame00021_png.rf.6f750430bf2c2ad4d0d34dd36a9377d0,yolo,boots,0.8241090774536133,0.22276544570922852,0.7869903087615967,0.25955562591552733,0.8275903701782227
anuragraj03__frame00021_png.rf.6f750430bf2c2ad4d0d34dd36a9377d0,yolo,boots,0.7556126713752747,0.26057651042938235,0.7751092433929443,0.28889055252075196,0.8069519996643066
anuragraj03__frame00021_png.rf.6f750430bf2c2ad4d0d34dd36a9377d0,yolo,boots,0.6860610246658325,0.417142391204834,0.7807834625244141,0.45116415023803713,0.8246966361999511
anuragraj03__frame00021_png.rf.6f750430bf2c2ad4d0d34dd36a9377d0,yolo,boots,0.4627368152141571,0.4437058448791504,0.7346971988677978,0.48584675788879395,0.7873847484588623
anuragraj03__frame00021_png.rf.6f750430bf2c2ad4d0d34dd36a9377d0,yoloe,person,0.8946813344955444,0.6555047035217285,0.4480108737945557,0.7938278198242188,0.7682076454162597
anuragraj03__frame00021_png.rf.6f750430bf2c2ad4d0d34dd36a9377d0,yoloe,person,0.8587940335273743,0.14848535060882567,0.565307331085205,0.2926432371139526,0.8017137527465821
anuragraj03__frame00021_png.rf.6f750430bf2c2ad4d0d34dd36a9377d0,yoloe,helmet,0.8439549207687378,0.20056476593017578,0.5643443584442138,0.2410503149032593,0.6274360656738281
anuragraj03__frame00021_png.rf.6f750430bf2c2ad4d0d34dd36a9377d0,yoloe,helmet,0.8439435958862305,0.734037208557129,0.4465794086456299,0.7758316993713379,0.498297119140625
anuragraj03__frame00021_png.rf.6f750430bf2c2ad4d0d34dd36a9377d0,yoloe,helmet,0.769275963306427,0.44481816291809084,0.36203632354736326,0.48436779975891114,0.43187613487243653
anuragraj03__frame00021_png.rf.6f750430bf2c2ad4d0d34dd36a9377d0,yoloe,person,0.7414653301239014,0.39664664268493655,0.36184215545654297,0.48775973320007326,0.7919669151306152
anuragraj03__frame00021_png.rf.6f750430bf2c2ad4d0d34dd36a9377d0,yoloe,person,0.6630138754844666,0.17625272274017334,0.42719178199768065,0.28581438064575193,0.5964386940002442
anuragraj03__frame00021_png.rf.6f750430bf2c2ad4d0d34dd36a9377d0,yoloe,helmet,0.4846068322658539,0.26074235439300536,0.43589487075805666,0.28695199489593504,0.4946357250213623
anuragraj03__frame00021_png.rf.6f750430bf2c2ad4d0d34dd36a9377d0,yoloe,helmet,0.4270440936088562,0.260227632522583,0.43685383796691896,0.286995005607605,0.4884641647338867
anuragraj03__frame00021_png.rf.6f750430bf2c2ad4d0d34dd36a9377d0,yoloe,person,0.294142484664917,0.39730238914489746,0.3620994329452515,0.48708672523498536,0.6098337173461914
anuragraj03__frame00021_png.rf.6f750430bf2c2ad4d0d34dd36a9377d0,yoloe,helmet,0.16533172130584717,0.7404298782348633,0.3915229082107544,0.7756100654602051,0.4469048023223877
anuragraj03__frame00021_png.rf.6f750430bf2c2ad4d0d34dd36a9377d0,ollama,person,,,,,
anuragraj03__frame00021_png.rf.6f750430bf2c2ad4d0d34dd36a9377d0,ollama,helmet,,,,,
anuragraj03__frame00021_png.rf.6f750430bf2c2ad4d0d34dd36a9377d0,ollama,gloves,,,,,
anuragraj03__frame00021_png.rf.6f750430bf2c2ad4d0d34dd36a9377d0,ollama,boots,,,,,
anuragraj03__frame00021_png.rf.6f750430bf2c2ad4d0d34dd36a9377d0,ollama,vest,,,,,
anuragraj03__frame00021_png.rf.6f750430bf2c2ad4d0d34dd36a9377d0,ollama,no-helmet,,,,,
anuragraj03__frame00021_png.rf.6f750430bf2c2ad4d0d34dd36a9377d0,ollama,no-gloves,,,,,
anuragraj03__frame00021_png.rf.6f750430bf2c2ad4d0d34dd36a9377d0,ollama,no-boots,,,,,
anuragraj03__frame00021_png.rf.6f750430bf2c2ad4d0d34dd36a9377d0,ollama,no-vest,,,,,
anuragraj03__frame00021_png.rf.6f750430bf2c2ad4d0d34dd36a9377d0,qwen3-vl,person,,,,,
anuragraj03__frame00021_png.rf.6f750430bf2c2ad4d0d34dd36a9377d0,qwen3-vl,helmet,,,,,
anuragraj03__frame00021_png.rf.6f750430bf2c2ad4d0d34dd36a9377d0,qwen3-vl,gloves,,,,,
anuragraj03__frame00021_png.rf.6f750430bf2c2ad4d0d34dd36a9377d0,qwen3-vl,boots,,,,,
anuragraj03__frame00021_png.rf.6f750430bf2c2ad4d0d34dd36a9377d0,qwen3-vl,no-vest,,,,,
anuragraj03__frame00021_png.rf.6f750430bf2c2ad4d0d34dd36a9377d0,gemma4,person,,,,,
anuragraj03__frame00021_png.rf.6f750430bf2c2ad4d0d34dd36a9377d0,gemma4,helmet,,,,,
anuragraj03__frame00021_png.rf.6f750430bf2c2ad4d0d34dd36a9377d0,gemma4,gloves,,,,,
anuragraj03__frame00021_png.rf.6f750430bf2c2ad4d0d34dd36a9377d0,gemma4,boots,,,,,
anuragraj03__frame00021_png.rf.6f750430bf2c2ad4d0d34dd36a9377d0,gemma4,vest,,,,,
anuragraj03__frame00021_png.rf.6f750430bf2c2ad4d0d34dd36a9377d0,gemma4,no-helmet,,,,,
anuragraj03__frame00021_png.rf.6f750430bf2c2ad4d0d34dd36a9377d0,gemma4,no-gloves,,,,,
anuragraj03__frame00021_png.rf.6f750430bf2c2ad4d0d34dd36a9377d0,gemma4,no-boots,,,,,
anuragraj03__frame00021_png.rf.6f750430bf2c2ad4d0d34dd36a9377d0,gemma4,no-vest,,,,,
anuragraj03__frame00041_png.rf.6aef4165528a5eadb807bdc84365aa8d,yolo,boots,0.9334318041801453,0.32473886013031006,0.5240706920623779,0.3717797756195068,0.5658376693725586
anuragraj03__frame00041_png.rf.6aef4165528a5eadb807bdc84365aa8d,yolo,boots,0.9059883952140808,0.3627429485321045,0.5692350387573242,0.3962838649749756,0.6146409988403321
anuragraj03__frame00041_png.rf.6aef4165528a5eadb807bdc84365aa8d,yolo,no-gloves,0.9044554233551025,0.4644015789031982,0.5636163234710694,0.4974062442779541,0.6473572254180908
anuragraj03__frame00041_png.rf.6aef4165528a5eadb807bdc84365aa8d,yolo,helmet,0.9017096757888794,0.3974221467971802,0.18881986141204835,0.4554608345031738,0.29322826862335205
anuragraj03__frame00041_png.rf.6aef4165528a5eadb807bdc84365aa8d,yolo,boots,0.8963949084281921,0.4265885353088379,0.7363068103790283,0.46265158653259275,0.790463638305664
anuragraj03__frame00041_png.rf.6aef4165528a5eadb807bdc84365aa8d,yolo,helmet,0.8850055932998657,0.3542871236801147,0.3286148548126221,0.40398297309875486,0.43084216117858887
anuragraj03__frame00041_png.rf.6aef4165528a5eadb807bdc84365aa8d,yolo,helmet,0.8765918612480164,0.46683921813964846,0.2931370258331299,0.5213435649871826,0.37918777465820314
anuragraj03__frame00041_png.rf.6aef4165528a5eadb807bdc84365aa8d,yolo,helmet,0.8483750820159912,0.4443498611450195,0.31170742511749266,0.492995023727417,0.4002037048339844
anuragraj03__frame00041_png.rf.6aef4165528a5eadb807bdc84365aa8d,yolo,gloves,0.8472543954849243,0.33427608013153076,0.46712679862976075,0.37006895542144774,0.5228089809417724
anuragraj03__frame00041_png.rf.6aef4165528a5eadb807bdc84365aa8d,yolo,boots,0.7949404716491699,0.4722036838531494,0.7322051525115967,0.5013176918029785,0.7752689361572266
anuragraj03__frame00041_png.rf.6aef4165528a5eadb807bdc84365aa8d,yolo,boots,0.4847587049007416,0.45046076774597166,0.697481632232666,0.4991921424865723,0.739307165145874
anuragraj03__frame00041_png.rf.6aef4165528a5eadb807bdc84365aa8d,yoloe,helmet,0.8727235198020935,0.45214200019836426,0.31460611820220946,0.48618497848510744,0.3613382339477539
anuragraj03__frame00041_png.rf.6aef4165528a5eadb807bdc84365aa8d,yoloe,helmet,0.8528234958648682,0.40281152725219727,0.19499454498291016,0.4362452507019043,0.2653072357177734
anuragraj03__frame00041_png.rf.6aef4165528a5eadb807bdc84365aa8d,yoloe,helmet,0.846015214920044,0.3620588779449463,0.3369586706161499,0.39764187335968015,0.3918505430221558
anuragraj03__frame00041_png.rf.6aef4165528a5eadb807bdc84365aa8d,yoloe,person,0.8315140604972839,0.4028573513031006,0.1950115442276001,0.4844809532165527,0.4426890850067139
anuragraj03__frame00041_png.rf.6aef4165528a5eadb807bdc84365aa8d,yoloe,helmet,0.8263119459152222,0.0021800726652145387,0.37084720134735105,0.03509078025817871,0.40473356246948244
anuragraj03__frame00041_png.rf.6aef4165528a5eadb807bdc84365aa8d,yoloe,helmet,0.7816706299781799,0.4773439884185791,0.29679677486419676,0.5104685306549073,0.3406014919281006
anuragraj03__frame00041_png.rf.6aef4165528a5eadb807bdc84365aa8d,yoloe,person,0.7000516057014465,0.335780930519104,0.3369227409362793,0.4248380184173584,0.6095681190490723
anuragraj03__frame00041_png.rf.6aef4165528a5eadb807bdc84365aa8d,yoloe,person,0.6951460838317871,0.4317753791809082,0.34720559120178224,0.5192570209503173,0.7805644989013671
anuragraj03__frame00041_png.rf.6aef4165528a5eadb807bdc84365aa8d,yoloe,person,0.3582475781440735,0.0017885982990264893,0.3696110248565674,0.05133815407752991,0.6323717594146728
anuragraj03__frame00041_png.rf.6aef4165528a5eadb807bdc84365aa8d,yoloe,person,0.34577134251594543,0.0020967334508895873,0.37132117748260496,0.0510398268699646,0.5684643268585206
anuragraj03__frame00041_png.rf.6aef4165528a5eadb807bdc84365aa8d,ollama,person,,,,,
anuragraj03__frame00041_png.rf.6aef4165528a5eadb807bdc84365aa8d,ollama,helmet,,,,,
anuragraj03__frame00041_png.rf.6aef4165528a5eadb807bdc84365aa8d,ollama,gloves,,,,,
anuragraj03__frame00041_png.rf.6aef4165528a5eadb807bdc84365aa8d,ollama,boots,,,,,
anuragraj03__frame00041_png.rf.6aef4165528a5eadb807bdc84365aa8d,ollama,vest,,,,,
anuragraj03__frame00041_png.rf.6aef4165528a5eadb807bdc84365aa8d,ollama,no-helmet,,,,,
anuragraj03__frame00041_png.rf.6aef4165528a5eadb807bdc84365aa8d,ollama,no-gloves,,,,,
anuragraj03__frame00041_png.rf.6aef4165528a5eadb807bdc84365aa8d,ollama,no-boots,,,,,
anuragraj03__frame00041_png.rf.6aef4165528a5eadb807bdc84365aa8d,ollama,no-vest,,,,,
anuragraj03__frame00041_png.rf.6aef4165528a5eadb807bdc84365aa8d,qwen3-vl,person,,,,,
anuragraj03__frame00041_png.rf.6aef4165528a5eadb807bdc84365aa8d,qwen3-vl,helmet,,,,,
anuragraj03__frame00041_png.rf.6aef4165528a5eadb807bdc84365aa8d,qwen3-vl,gloves,,,,,
anuragraj03__frame00041_png.rf.6aef4165528a5eadb807bdc84365aa8d,qwen3-vl,boots,,,,,
anuragraj03__frame00041_png.rf.6aef4165528a5eadb807bdc84365aa8d,gemma4,person,,,,,
anuragraj03__frame00041_png.rf.6aef4165528a5eadb807bdc84365aa8d,gemma4,helmet,,,,,
anuragraj03__frame00041_png.rf.6aef4165528a5eadb807bdc84365aa8d,gemma4,gloves,,,,,
anuragraj03__frame00041_png.rf.6aef4165528a5eadb807bdc84365aa8d,gemma4,boots,,,,,
anuragraj03__frame00041_png.rf.6aef4165528a5eadb807bdc84365aa8d,gemma4,vest,,,,,
anuragraj03__frame00201_png.rf.aac99eb08f965b47bf3a4e6925999a27,yolo,helmet,0.8663986921310425,0.4038836479187012,0.37841660976409913,0.44015979766845703,0.44777750968933105
anuragraj03__frame00201_png.rf.aac99eb08f965b47bf3a4e6925999a27,yolo,helmet,0.8412602543830872,0.378977108001709,0.3183763027191162,0.4163519859313965,0.38573341369628905
anuragraj03__frame00201_png.rf.aac99eb08f965b47bf3a4e6925999a27,yolo,helmet,0.8337475061416626,0.4973182201385498,0.375651216506958,0.5304679870605469,0.44132261276245116
anuragraj03__frame00201_png.rf.aac99eb08f965b47bf3a4e6925999a27,yolo,helmet,0.8066862225532532,0.5124159812927246,0.2676073551177979,0.5492249011993409,0.3397587060928345
anuragraj03__frame00201_png.rf.aac99eb08f965b47bf3a4e6925999a27,yolo,helmet,0.7920811176300049,0.44475750923156737,0.3298368453979492,0.4829280853271484,0.4006640911102295
anuragraj03__frame00201_png.rf.aac99eb08f965b47bf3a4e6925999a27,yolo,helmet,0.7456434965133667,0.5788249492645263,0.30890712738037107,0.613566780090332,0.39015989303588866
anuragraj03__frame00201_png.rf.aac99eb08f965b47bf3a4e6925999a27,yolo,helmet,0.6589488983154297,0.5097153663635254,0.31765692234039306,0.5451833248138428,0.3826630115509033
anuragraj03__frame00201_png.rf.aac99eb08f965b47bf3a4e6925999a27,yolo,helmet,0.6088048219680786,0.4945183277130127,0.3180401802062988,0.530876350402832,0.386327862739563
anuragraj03__frame00201_png.rf.aac99eb08f965b47bf3a4e6925999a27,yolo,helmet,0.4516593813896179,0.436612606048584,0.33915860652923585,0.47345676422119143,0.4061568260192871
anuragraj03__frame00201_png.rf.aac99eb08f965b47bf3a4e6925999a27,yolo,helmet,0.31167688965797424,0.5592521667480469,0.3187174081802368,0.5899285793304443,0.39337375164031985
anuragraj03__frame00201_png.rf.aac99eb08f965b47bf3a4e6925999a27,yoloe,person,0.6243121027946472,0.3955288648605347,0.4139398097991943,0.4561885356903076,0.6593242168426514
anuragraj03__frame00201_png.rf.aac99eb08f965b47bf3a4e6925999a27,yoloe,helmet,0.416128009557724,0.4421389102935791,0.34016354084014894,0.4761183738708496,0.38942067623138427
anuragraj03__frame00201_png.rf.aac99eb08f965b47bf3a4e6925999a27,yoloe,helmet,0.40496376156806946,0.4990797519683838,0.32770519256591796,0.5386266231536865,0.3613797903060913
anuragraj03__frame00201_png.rf.aac99eb08f965b47bf3a4e6925999a27,yoloe,helmet,0.38004979491233826,0.3854487180709839,0.32726948261260985,0.4156067371368408,0.3632897138595581
anuragraj03__frame00201_png.rf.aac99eb08f965b47bf3a4e6925999a27,yoloe,person,0.3368613123893738,0.48394131660461426,0.38659465312957764,0.5495131015777588,0.6572364807128906
anuragraj03__frame00201_png.rf.aac99eb08f965b47bf3a4e6925999a27,yoloe,person,0.3014853596687317,0.5620321750640869,0.326021671295166,0.63091139793396,0.6497937202453613
anuragraj03__frame00201_png.rf.aac99eb08f965b47bf3a4e6925999a27,yoloe,helmet,0.29420268535614014,0.565149450302124,0.32294721603393556,0.6073022365570069,0.35795912742614744
anuragraj03__frame00201_png.rf.aac99eb08f965b47bf3a4e6925999a27,yoloe,person,0.2806687355041504,0.37967514991760254,0.3274129629135132,0.4324981212615967,0.5017942905426025
anuragraj03__frame00201_png.rf.aac99eb08f965b47bf3a4e6925999a27,yoloe,person,0.2108795940876007,0.8910072326660157,0.7705399513244628,0.9482080459594726,0.9587851524353027
anuragraj03__frame00201_png.rf.aac99eb08f965b47bf3a4e6925999a27,yoloe,helmet,0.20653750002384186,0.411179256439209,0.3867876291275024,0.4334366798400879,0.4165195941925049
anuragraj03__frame00201_png.rf.aac99eb08f965b47bf3a4e6925999a27,ollama,person,,,,,
anuragraj03__frame00201_png.rf.aac99eb08f965b47bf3a4e6925999a27,ollama,helmet,,,,,
anuragraj03__frame00201_png.rf.aac99eb08f965b47bf3a4e6925999a27,ollama,gloves,,,,,
anuragraj03__frame00201_png.rf.aac99eb08f965b47bf3a4e6925999a27,ollama,boots,,,,,
anuragraj03__frame00201_png.rf.aac99eb08f965b47bf3a4e6925999a27,ollama,vest,,,,,
anuragraj03__frame00201_png.rf.aac99eb08f965b47bf3a4e6925999a27,qwen3-vl,person,,,,,
anuragraj03__frame00201_png.rf.aac99eb08f965b47bf3a4e6925999a27,qwen3-vl,helmet,,,,,
anuragraj03__frame00201_png.rf.aac99eb08f965b47bf3a4e6925999a27,qwen3-vl,boots,,,,,
anuragraj03__frame00201_png.rf.aac99eb08f965b47bf3a4e6925999a27,gemma4,person,,,,,
anuragraj03__frame00201_png.rf.aac99eb08f965b47bf3a4e6925999a27,gemma4,helmet,,,,,
anuragraj03__frame00201_png.rf.aac99eb08f965b47bf3a4e6925999a27,gemma4,gloves,,,,,
anuragraj03__frame00201_png.rf.aac99eb08f965b47bf3a4e6925999a27,gemma4,boots,,,,,
anuragraj03__frame00201_png.rf.aac99eb08f965b47bf3a4e6925999a27,gemma4,vest,,,,,
anuragraj03__frame00241_png.rf.339ca8aada3aec4a8734c8567282fa82,yolo,boots,0.8652406930923462,0.6646601676940918,0.8311427116394043,0.6963322639465332,0.8713878631591797
anuragraj03__frame00241_png.rf.339ca8aada3aec4a8734c8567282fa82,yolo,helmet,0.8255620002746582,0.6370440006256104,0.6648228168487549,0.6677573204040528,0.7184330940246582
anuragraj03__frame00241_png.rf.339ca8aada3aec4a8734c8567282fa82,yolo,boots,0.7686491012573242,0.6918413639068604,0.823171329498291,0.7159078598022461,0.859249496459961
anuragraj03__frame00241_png.rf.339ca8aada3aec4a8734c8567282fa82,yolo,gloves,0.3210710287094116,0.6669980525970459,0.7165241241455078,0.6967415332794189,0.7614334106445313
anuragraj03__frame00241_png.rf.339ca8aada3aec4a8734c8567282fa82,ollama,person,,,,,
anuragraj03__frame00241_png.rf.339ca8aada3aec4a8734c8567282fa82,ollama,gloves,,,,,
anuragraj03__frame00241_png.rf.339ca8aada3aec4a8734c8567282fa82,ollama,boots,,,,,
anuragraj03__frame00241_png.rf.339ca8aada3aec4a8734c8567282fa82,ollama,vest,,,,,
anuragraj03__frame00241_png.rf.339ca8aada3aec4a8734c8567282fa82,ollama,no-helmet,,,,,
anuragraj03__frame00241_png.rf.339ca8aada3aec4a8734c8567282fa82,ollama,no-gloves,,,,,
anuragraj03__frame00241_png.rf.339ca8aada3aec4a8734c8567282fa82,ollama,no-boots,,,,,
anuragraj03__frame00241_png.rf.339ca8aada3aec4a8734c8567282fa82,ollama,no-vest,,,,,
anuragraj03__frame00241_png.rf.339ca8aada3aec4a8734c8567282fa82,qwen3-vl,person,,,,,
anuragraj03__frame00241_png.rf.339ca8aada3aec4a8734c8567282fa82,qwen3-vl,no-helmet,,,,,
anuragraj03__frame00241_png.rf.339ca8aada3aec4a8734c8567282fa82,qwen3-vl,no-gloves,,,,,
anuragraj03__frame00241_png.rf.339ca8aada3aec4a8734c8567282fa82,qwen3-vl,no-boots,,,,,
anuragraj03__frame00241_png.rf.339ca8aada3aec4a8734c8567282fa82,qwen3-vl,no-vest,,,,,
anuragraj03__frame00241_png.rf.339ca8aada3aec4a8734c8567282fa82,gemma4,person,,,,,
anuragraj03__frame00241_png.rf.339ca8aada3aec4a8734c8567282fa82,gemma4,helmet,,,,,
anuragraj03__frame00241_png.rf.339ca8aada3aec4a8734c8567282fa82,gemma4,gloves,,,,,
anuragraj03__frame00241_png.rf.339ca8aada3aec4a8734c8567282fa82,gemma4,boots,,,,,
anuragraj03__frame00241_png.rf.339ca8aada3aec4a8734c8567282fa82,gemma4,vest,,,,,
anuragraj03__frame00281_png.rf.5ad3ea5aa3d13b16c25137ed015da273,yolo,helmet,0.9000088572502136,0.28451361656188967,0.5688489437103271,0.3390305280685425,0.6695387840270997
anuragraj03__frame00281_png.rf.5ad3ea5aa3d13b16c25137ed015da273,yolo,boots,0.8871399164199829,0.16619594097137452,0.9180924415588378,0.2107016324996948,0.9646336555480957
anuragraj03__frame00281_png.rf.5ad3ea5aa3d13b16c25137ed015da273,yolo,helmet,0.882434606552124,0.42332658767700193,0.515958023071289,0.47725529670715333,0.6255673408508301
anuragraj03__frame00281_png.rf.5ad3ea5aa3d13b16c25137ed015da273,yolo,helmet,0.8823407888412476,0.40680770874023436,0.4312421798706055,0.46456007957458495,0.5500325202941895
anuragraj03__frame00281_png.rf.5ad3ea5aa3d13b16c25137ed015da273,yolo,helmet,0.87568199634552,0.17417916059494018,0.4703360557556152,0.24109797477722167,0.5729842185974121
anuragraj03__frame00281_png.rf.5ad3ea5aa3d13b16c25137ed015da273,yolo,helmet,0.8703135848045349,0.4135944366455078,0.40983033180236816,0.46310839653015134,0.4867298126220703
anuragraj03__frame00281_png.rf.5ad3ea5aa3d13b16c25137ed015da273,yolo,helmet,0.8687065839767456,0.23934357166290282,0.5005724430084229,0.2927753210067749,0.6049591541290283
anuragraj03__frame00281_png.rf.5ad3ea5aa3d13b16c25137ed015da273,yolo,helmet,0.8558575510978699,0.3251232147216797,0.3740656614303589,0.37907307147979735,0.48788886070251464
anuragraj03__frame00281_png.rf.5ad3ea5aa3d13b16c25137ed015da273,yolo,boots,0.8426461219787598,0.3237051486968994,0.8285689353942871,0.36483614444732665,0.8989495277404785
anuragraj03__frame00281_png.rf.5ad3ea5aa3d13b16c25137ed015da273,yolo,gloves,0.7977281212806702,0.36130833625793457,0.6645419597625732,0.4076819896697998,0.7920769691467285
anuragraj03__frame00281_png.rf.5ad3ea5aa3d13b16c25137ed015da273,yolo,gloves,0.7910537719726562,0.1685083508491516,0.7373875141143799,0.20869817733764648,0.8441098213195801
anuragraj03__frame00281_png.rf.5ad3ea5aa3d13b16c25137ed015da273,yoloe,person,0.6617563962936401,0.2350264310836792,0.5836655139923096,0.347920560836792,1.0
anuragraj03__frame00281_png.rf.5ad3ea5aa3d13b16c25137ed015da273,yoloe,person,0.38229480385780334,0.1949859619140625,0.5931593418121338,0.28133378028869627,1.0
anuragraj03__frame00281_png.rf.5ad3ea5aa3d13b16c25137ed015da273,yoloe,person,0.2153816819190979,0.14917532205581666,0.5454447746276856,0.2087841033935547,0.8010993957519531
anuragraj03__frame00281_png.rf.5ad3ea5aa3d13b16c25137ed015da273,yoloe,person,0.21065209805965424,0.30910296440124513,0.39220738410949707,0.3865880250930786,0.75618896484375
anuragraj03__frame00281_png.rf.5ad3ea5aa3d13b16c25137ed015da273,yoloe,person,0.19489504396915436,0.3095077991485596,0.39081692695617676,0.386216402053833,0.6492600440979004
anuragraj03__frame00281_png.rf.5ad3ea5aa3d13b16c25137ed015da273,yoloe,person,0.17370694875717163,0.31001596450805663,0.42977218627929686,0.38601562976837156,0.7570812225341796
anuragraj03__frame00281_png.rf.5ad3ea5aa3d13b16c25137ed015da273,ollama,person,,,,,
anuragraj03__frame00281_png.rf.5ad3ea5aa3d13b16c25137ed015da273,ollama,helmet,,,,,
anuragraj03__frame00281_png.rf.5ad3ea5aa3d13b16c25137ed015da273,ollama,gloves,,,,,
anuragraj03__frame00281_png.rf.5ad3ea5aa3d13b16c25137ed015da273,ollama,boots,,,,,
anuragraj03__frame00281_png.rf.5ad3ea5aa3d13b16c25137ed015da273,qwen3-vl,person,,,,,
anuragraj03__frame00281_png.rf.5ad3ea5aa3d13b16c25137ed015da273,qwen3-vl,helmet,,,,,
anuragraj03__frame00281_png.rf.5ad3ea5aa3d13b16c25137ed015da273,gemma4,person,,,,,
anuragraj03__frame00281_png.rf.5ad3ea5aa3d13b16c25137ed015da273,gemma4,helmet,,,,,
anuragraj03__frame00281_png.rf.5ad3ea5aa3d13b16c25137ed015da273,gemma4,gloves,,,,,
anuragraj03__frame00281_png.rf.5ad3ea5aa3d13b16c25137ed015da273,gemma4,boots,,,,,
anuragraj03__frame00281_png.rf.5ad3ea5aa3d13b16c25137ed015da273,gemma4,vest,,,,,
anuragraj03__frame00341_png.rf.245ece433cfcb149a31c1fcf649d5972,yolo,helmet,0.8975033760070801,0.28842456340789796,0.5703337669372559,0.34052309989929197,0.6714337825775146
anuragraj03__frame00341_png.rf.245ece433cfcb149a31c1fcf649d5972,yolo,helmet,0.8892577290534973,0.17407103776931762,0.4685213088989258,0.24310133457183838,0.5722681522369385
anuragraj03__frame00341_png.rf.245ece433cfcb149a31c1fcf649d5972,yolo,helmet,0.8870497941970825,0.4116204738616943,0.43459339141845704,0.4725167274475098,0.5535093307495117
anuragraj03__frame00341_png.rf.245ece433cfcb149a31c1fcf649d5972,yolo,helmet,0.8635317087173462,0.3218236923217773,0.37206735610961916,0.37814812660217284,0.4887552738189697
anuragraj03__frame00341_png.rf.245ece433cfcb149a31c1fcf649d5972,yolo,helmet,0.8617741465568542,0.22059404850006104,0.5039368152618409,0.2766722679138184,0.6110482692718506
anuragraj03__frame00341_png.rf.245ece433cfcb149a31c1fcf649d5972,yolo,helmet,0.8617092967033386,0.42935748100280763,0.5836488723754882,0.4889270782470703,0.6965799331665039
anuragraj03__frame00341_png.rf.245ece433cfcb149a31c1fcf649d5972,yolo,helmet,0.8391521573066711,0.43319087028503417,0.4103707313537598,0.48188419342041017,0.49634342193603515
anuragraj03__frame00341_png.rf.245ece433cfcb149a31c1fcf649d5972,yolo,boots,0.8371698260307312,0.3227865695953369,0.8296232223510742,0.36390731334686277,0.9009307861328125
anuragraj03__frame00341_png.rf.245ece433cfcb149a31c1fcf649d5972,yolo,boots,0.7078248858451843,0.16377757787704467,0.9154916763305664,0.20125997066497803,0.963084602355957
anuragraj03__frame00341_png.rf.245ece433cfcb149a31c1fcf649d5972,yolo,gloves,0.6578251719474792,0.3575882434844971,0.6667953491210937,0.40153841972351073,0.7901121616363526
anuragraj03__frame00341_png.rf.245ece433cfcb149a31c1fcf649d5972,yolo,gloves,0.5960665345191956,0.161078941822052,0.7360140323638916,0.1972842574119568,0.8499777793884278
anuragraj03__frame00341_png.rf.245ece433cfcb149a31c1fcf649d5972,yoloe,person,0.5527644157409668,0.4164283275604248,0.6617224216461182,0.5104871273040772,1.0
anuragraj03__frame00341_png.rf.245ece433cfcb149a31c1fcf649d5972,yoloe,person,0.537365734577179,0.2371002435684204,0.5842904090881348,0.34854493141174314,1.0
anuragraj03__frame00341_png.rf.245ece433cfcb149a31c1fcf649d5972,yoloe,person,0.4367710053920746,0.18004621267318727,0.5598509788513184,0.2585057258605957,1.0
anuragraj03__frame00341_png.rf.245ece433cfcb149a31c1fcf649d5972,yoloe,person,0.3462662100791931,0.3077540397644043,0.391084885597229,0.38609225749969484,0.6515192985534668
anuragraj03__frame00341_png.rf.245ece433cfcb149a31c1fcf649d5972,yoloe,person,0.21855714917182922,0.30784995555877687,0.39213008880615235,0.38648507595062254,0.8056564331054688
anuragraj03__frame00341_png.rf.245ece433cfcb149a31c1fcf649d5972,yoloe,person,0.1733979433774948,0.4155297756195068,0.4384479522705078,0.5098578929901123,0.9996606826782226
anuragraj03__frame00341_png.rf.245ece433cfcb149a31c1fcf649d5972,ollama,person,,,,,
anuragraj03__frame00341_png.rf.245ece433cfcb149a31c1fcf649d5972,ollama,helmet,,,,,
anuragraj03__frame00341_png.rf.245ece433cfcb149a31c1fcf649d5972,ollama,vest,,,,,
anuragraj03__frame00341_png.rf.245ece433cfcb149a31c1fcf649d5972,ollama,no-helmet,,,,,
anuragraj03__frame00341_png.rf.245ece433cfcb149a31c1fcf649d5972,ollama,no-gloves,,,,,
anuragraj03__frame00341_png.rf.245ece433cfcb149a31c1fcf649d5972,ollama,no-boots,,,,,
anuragraj03__frame00341_png.rf.245ece433cfcb149a31c1fcf649d5972,qwen3-vl,person,,,,,
anuragraj03__frame00341_png.rf.245ece433cfcb149a31c1fcf649d5972,qwen3-vl,helmet,,,,,
anuragraj03__frame00341_png.rf.245ece433cfcb149a31c1fcf649d5972,qwen3-vl,gloves,,,,,
anuragraj03__frame00341_png.rf.245ece433cfcb149a31c1fcf649d5972,qwen3-vl,boots,,,,,
anuragraj03__frame00341_png.rf.245ece433cfcb149a31c1fcf649d5972,gemma4,person,,,,,
anuragraj03__frame00341_png.rf.245ece433cfcb149a31c1fcf649d5972,gemma4,helmet,,,,,
anuragraj03__frame00341_png.rf.245ece433cfcb149a31c1fcf649d5972,gemma4,gloves,,,,,
anuragraj03__frame00341_png.rf.245ece433cfcb149a31c1fcf649d5972,gemma4,boots,,,,,
anuragraj03__frame00341_png.rf.245ece433cfcb149a31c1fcf649d5972,gemma4,vest,,,,,
anuragraj03__frame1364_jpg.rf.b1f3f9c23e4d85340bd0e0275f4027a4,yolo,no-boots,0.9284675717353821,0.7506561279296875,0.677603006362915,0.789223313331604,0.7180523872375488
anuragraj03__frame1364_jpg.rf.b1f3f9c23e4d85340bd0e0275f4027a4,yolo,boots,0.9284593462944031,0.8745609521865845,0.7582034269968668,0.9108778834342957,0.8439180056254069
anuragraj03__frame1364_jpg.rf.b1f3f9c23e4d85340bd0e0275f4027a4,yolo,boots,0.8864954710006714,0.8481307029724121,0.7596578598022461,0.8798791170120239,0.8304295539855957
anuragraj03__frame1364_jpg.rf.b1f3f9c23e4d85340bd0e0275f4027a4,yolo,no-boots,0.6915622353553772,0.797261655330658,0.720346212387085,0.8258135914802551,0.7605358759562174
anuragraj03__frame1364_jpg.rf.b1f3f9c23e4d85340bd0e0275f4027a4,yoloe,person,0.871059000492096,0.7544738054275513,0.375617782274882,0.8585241436958313,0.7595919768015543
anuragraj03__frame1364_jpg.rf.b1f3f9c23e4d85340bd0e0275f4027a4,yoloe,person,0.3698427975177765,0.9202936887741089,0.6158670584360758,0.9996485710144043,1.0
anuragraj03__frame1364_jpg.rf.b1f3f9c23e4d85340bd0e0275f4027a4,yoloe,person,0.36663535237312317,0.9194995760917664,0.613993247350057,0.9998512268066406,1.0
anuragraj03__frame1364_jpg.rf.b1f3f9c23e4d85340bd0e0275f4027a4,yoloe,boots,0.17526786029338837,0.8776209950447083,0.7628436088562012,0.9016470909118652,0.8297311464945475
anuragraj03__frame1364_jpg.rf.b1f3f9c23e4d85340bd0e0275f4027a4,yoloe,person,0.17184478044509888,0.9192669987678528,0.21965062618255615,1.0,1.0
anuragraj03__frame1364_jpg.rf.b1f3f9c23e4d85340bd0e0275f4027a4,ollama,person,,,,,
anuragraj03__frame1364_jpg.rf.b1f3f9c23e4d85340bd0e0275f4027a4,ollama,helmet,,,,,
anuragraj03__frame1364_jpg.rf.b1f3f9c23e4d85340bd0e0275f4027a4,ollama,gloves,,,,,
anuragraj03__frame1364_jpg.rf.b1f3f9c23e4d85340bd0e0275f4027a4,ollama,boots,,,,,
anuragraj03__frame1364_jpg.rf.b1f3f9c23e4d85340bd0e0275f4027a4,ollama,no-helmet,,,,,
anuragraj03__frame1364_jpg.rf.b1f3f9c23e4d85340bd0e0275f4027a4,ollama,no-gloves,,,,,
anuragraj03__frame1364_jpg.rf.b1f3f9c23e4d85340bd0e0275f4027a4,ollama,no-boots,,,,,
anuragraj03__frame1364_jpg.rf.b1f3f9c23e4d85340bd0e0275f4027a4,qwen3-vl,person,,,,,
anuragraj03__frame1364_jpg.rf.b1f3f9c23e4d85340bd0e0275f4027a4,qwen3-vl,boots,,,,,
anuragraj03__frame1364_jpg.rf.b1f3f9c23e4d85340bd0e0275f4027a4,qwen3-vl,no-helmet,,,,,
anuragraj03__frame1364_jpg.rf.b1f3f9c23e4d85340bd0e0275f4027a4,qwen3-vl,no-gloves,,,,,
anuragraj03__frame1364_jpg.rf.b1f3f9c23e4d85340bd0e0275f4027a4,qwen3-vl,no-vest,,,,,
anuragraj03__frame1364_jpg.rf.b1f3f9c23e4d85340bd0e0275f4027a4,gemma4,person,,,,,
anuragraj03__frame1364_jpg.rf.b1f3f9c23e4d85340bd0e0275f4027a4,gemma4,boots,,,,,
anuragraj03__frame1364_jpg.rf.b1f3f9c23e4d85340bd0e0275f4027a4,gemma4,vest,,,,,
anuragraj03__frame1364_jpg.rf.b1f3f9c23e4d85340bd0e0275f4027a4,gemma4,no-gloves,,,,,
anuragraj03__goggle876594_jpg.rf.7cdb8fa8021a9d08762783629f1b6181,yolo,gloves,0.8459996581077576,0.7470680713653565,0.5293763478597006,0.8402934074401855,0.7469605339898003
anuragraj03__goggle876594_jpg.rf.7cdb8fa8021a9d08762783629f1b6181,yolo,gloves,0.831238329410553,0.16768735647201538,0.5302189721001519,0.2556868314743042,0.7409294976128472
anuragraj03__goggle876594_jpg.rf.7cdb8fa8021a9d08762783629f1b6181,yolo,no-gloves,0.8300147652626038,0.630871057510376,0.08362454308403863,0.7142514228820801,0.18260998196072048
anuragraj03__goggle876594_jpg.rf.7cdb8fa8021a9d08762783629f1b6181,yolo,gloves,0.6063926815986633,0.8748186111450196,0.5801925235324435,0.938792610168457,0.7370674133300781
anuragraj03__goggle876594_jpg.rf.7cdb8fa8021a9d08762783629f1b6181,yolo,no-gloves,0.5358672142028809,0.03433270454406738,0.7690366956922743,0.10764907598495484,0.8999898274739583
anuragraj03__goggle876594_jpg.rf.7cdb8fa8021a9d08762783629f1b6181,yoloe,person,0.8914163708686829,0.744709825515747,0.25321498446994356,0.9234896659851074,0.7216812133789062
anuragraj03__goggle876594_jpg.rf.7cdb8fa8021a9d08762783629f1b6181,yoloe,person,0.735334575176239,0.10358437299728393,0.1369770261976454,0.24982166290283203,0.7276646931966145
anuragraj03__goggle876594_jpg.rf.7cdb8fa8021a9d08762783629f1b6181,yoloe,person,0.5844101309776306,0.5676299095153808,0.0005620956420898437,0.709418249130249,0.45776524013943143
anuragraj03__goggle876594_jpg.rf.7cdb8fa8021a9d08762783629f1b6181,yoloe,person,0.490743488073349,0.0,0.0014243867662217882,0.10956003665924072,0.36166631910536023
anuragraj03__goggle876594_jpg.rf.7cdb8fa8021a9d08762783629f1b6181,yoloe,person,0.350859135389328,0.00011116862297058105,0.7522204928927951,0.09538410902023316,0.9434608459472656
anuragraj03__goggle876594_jpg.rf.7cdb8fa8021a9d08762783629f1b6181,yoloe,helmet,0.3194092810153961,0.10445995330810547,0.13591585159301758,0.17478137016296386,0.2583963182237413
anuragraj03__goggle876594_jpg.rf.7cdb8fa8021a9d08762783629f1b6181,yoloe,helmet,0.30246996879577637,0.039589837193489075,0.0,0.10028605461120606,0.06335323121812608
anuragraj03__goggle876594_jpg.rf.7cdb8fa8021a9d08762783629f1b6181,yoloe,gloves,0.26250070333480835,2.796649932861328e-05,0.30774031745062935,0.042684239149093625,0.39830496046278213
anuragraj03__goggle876594_jpg.rf.7cdb8fa8021a9d08762783629f1b6181,yoloe,helmet,0.25036969780921936,0.20835607051849364,0.08884160783555772,0.28459939956665037,0.23863800896538628
anuragraj03__goggle876594_jpg.rf.7cdb8fa8021a9d08762783629f1b6181,yoloe,person,0.23376579582691193,0.5703149795532226,0.01054435306125217,0.7079626560211182,0.4550818549262153
anuragraj03__goggle876594_jpg.rf.7cdb8fa8021a9d08762783629f1b6181,yoloe,gloves,0.20891828835010529,0.18136398792266845,0.5401846991644965,0.24516592025756836,0.7290718926323785
anuragraj03__goggle876594_jpg.rf.7cdb8fa8021a9d08762783629f1b6181,yoloe,person,0.1902393400669098,2.4552643299102784e-05,0.2707251230875651,0.0943789005279541,0.9910331726074219
anuragraj03__goggle876594_jpg.rf.7cdb8fa8021a9d08762783629f1b6181,yoloe,gloves,0.15251962840557098,0.8805294036865234,0.5961656782362196,0.9323629379272461,0.6649676428900825
anuragraj03__goggle876594_jpg.rf.7cdb8fa8021a9d08762783629f1b6181,ollama,person,,,,,
anuragraj03__goggle876594_jpg.rf.7cdb8fa8021a9d08762783629f1b6181,ollama,gloves,,,,,
anuragraj03__goggle876594_jpg.rf.7cdb8fa8021a9d08762783629f1b6181,qwen3-vl,person,,,,,
anuragraj03__goggle876594_jpg.rf.7cdb8fa8021a9d08762783629f1b6181,qwen3-vl,helmet,,,,,
anuragraj03__goggle876594_jpg.rf.7cdb8fa8021a9d08762783629f1b6181,qwen3-vl,gloves,,,,,
anuragraj03__goggle876594_jpg.rf.7cdb8fa8021a9d08762783629f1b6181,gemma4,person,,,,,
anuragraj03__goggle876594_jpg.rf.7cdb8fa8021a9d08762783629f1b6181,gemma4,helmet,,,,,
anuragraj03__goggle876594_jpg.rf.7cdb8fa8021a9d08762783629f1b6181,gemma4,gloves,,,,,
anuragraj03__goggle876594_jpg.rf.7cdb8fa8021a9d08762783629f1b6181,gemma4,boots,,,,,
anuragraj03__goggle876594_jpg.rf.7cdb8fa8021a9d08762783629f1b6181,gemma4,vest,,,,,
anuragraj03__img67_jpg.rf.84f4441aea49b0f852b55f49ee4e3712,yolo,gloves,0.8781853914260864,0.21657698154449462,0.4917408413357205,0.2897869348526001,0.7179159376356337
anuragraj03__img67_jpg.rf.84f4441aea49b0f852b55f49ee4e3712,yolo,gloves,0.8691695332527161,0.29172871112823484,0.48034167819552953,0.3655005693435669,0.7144843207465278
anuragraj03__img67_jpg.rf.84f4441aea49b0f852b55f49ee4e3712,yolo,gloves,0.8013685941696167,0.6405486106872559,0.541769536336263,0.7170336246490479,0.7270001729329427
anuragraj03__img67_jpg.rf.84f4441aea49b0f852b55f49ee4e3712,yolo,gloves,0.7993167042732239,0.8862749099731445,0.47582978142632376,0.9558191299438477,0.7020130581325955
anuragraj03__img67_jpg.rf.84f4441aea49b0f852b55f49ee4e3712,yolo,no-gloves,0.6930646300315857,0.5701193809509277,0.07016913096110027,0.6654397487640381,0.14385218090481228
anuragraj03__img67_jpg.rf.84f4441aea49b0f852b55f49ee4e3712,yoloe,person,0.8498477339744568,0.646342420578003,0.20785738627115885,0.9420731544494629,0.7393951416015625
anuragraj03__img67_jpg.rf.84f4441aea49b0f852b55f49ee4e3712,yoloe,person,0.7010856866836548,0.17732608318328857,0.17913339402940537,0.3573565721511841,0.7665956285264757
anuragraj03__img67_jpg.rf.84f4441aea49b0f852b55f49ee4e3712,yoloe,gloves,0.2526443302631378,0.3006967782974243,0.5032386355929904,0.3529775381088257,0.6854629516601562
anuragraj03__img67_jpg.rf.84f4441aea49b0f852b55f49ee4e3712,yoloe,gloves,0.18651677668094635,0.6443642139434814,0.5663548787434896,0.7051445007324219,0.7046707153320313
anuragraj03__img67_jpg.rf.84f4441aea49b0f852b55f49ee4e3712,yoloe,gloves,0.1805121749639511,0.9022239685058594,0.5075395796034071,0.9438193321228028,0.6813327365451389
anuragraj03__img67_jpg.rf.84f4441aea49b0f852b55f49ee4e3712,yoloe,person,0.1725977212190628,0.5981755733489991,0.0005802578396267361,0.7183111190795899,0.29563219282362196
anuragraj03__img67_jpg.rf.84f4441aea49b0f852b55f49ee4e3712,ollama,person,,,,,
anuragraj03__img67_jpg.rf.84f4441aea49b0f852b55f49ee4e3712,ollama,gloves,,,,,
anuragraj03__img67_jpg.rf.84f4441aea49b0f852b55f49ee4e3712,qwen3-vl,person,,,,,
anuragraj03__img67_jpg.rf.84f4441aea49b0f852b55f49ee4e3712,qwen3-vl,gloves,,,,,
anuragraj03__img67_jpg.rf.84f4441aea49b0f852b55f49ee4e3712,gemma4,person,,,,,
anuragraj03__img67_jpg.rf.84f4441aea49b0f852b55f49ee4e3712,gemma4,gloves,,,,,
anuragraj03__img67_jpg.rf.84f4441aea49b0f852b55f49ee4e3712,gemma4,boots,,,,,
anuragraj03__p11333_jpg.rf.9aebb6a91b961b5c43f3ef1131f7df83,yolo,no-helmet,0.823051929473877,0.33124728202819825,0.12712302737765843,0.40354299545288086,0.2284377415974935
anuragraj03__p11333_jpg.rf.9aebb6a91b961b5c43f3ef1131f7df83,yoloe,person,0.8838335275650024,0.30519163608551025,0.13803204430474175,0.44432864189147947,0.6405378553602431
anuragraj03__p11333_jpg.rf.9aebb6a91b961b5c43f3ef1131f7df83,ollama,person,,,,,
anuragraj03__p11333_jpg.rf.9aebb6a91b961b5c43f3ef1131f7df83,ollama,gloves,,,,,
anuragraj03__p11333_jpg.rf.9aebb6a91b961b5c43f3ef1131f7df83,ollama,vest,,,,,
anuragraj03__p11333_jpg.rf.9aebb6a91b961b5c43f3ef1131f7df83,ollama,no-boots,,,,,
anuragraj03__p11333_jpg.rf.9aebb6a91b961b5c43f3ef1131f7df83,qwen3-vl,person,,,,,
anuragraj03__p11333_jpg.rf.9aebb6a91b961b5c43f3ef1131f7df83,qwen3-vl,no-helmet,,,,,
anuragraj03__p11333_jpg.rf.9aebb6a91b961b5c43f3ef1131f7df83,qwen3-vl,no-gloves,,,,,
anuragraj03__p11333_jpg.rf.9aebb6a91b961b5c43f3ef1131f7df83,qwen3-vl,no-boots,,,,,
anuragraj03__p11333_jpg.rf.9aebb6a91b961b5c43f3ef1131f7df83,qwen3-vl,no-vest,,,,,
anuragraj03__p11333_jpg.rf.9aebb6a91b961b5c43f3ef1131f7df83,gemma4,person,,,,,
anuragraj03__p11333_jpg.rf.9aebb6a91b961b5c43f3ef1131f7df83,gemma4,gloves,,,,,
anuragraj03__p11333_jpg.rf.9aebb6a91b961b5c43f3ef1131f7df83,gemma4,boots,,,,,
anuragraj03__p11333_jpg.rf.9aebb6a91b961b5c43f3ef1131f7df83,gemma4,no-helmet,,,,,
anuragraj03__p11333_jpg.rf.9aebb6a91b961b5c43f3ef1131f7df83,gemma4,no-vest,,,,,
anuragraj03__p65213137_jpg.rf.4ecc082cbb321021146d7e2cd25bab2a,yolo,helmet,0.8286047577857971,0.18221688270568848,0.14195652008056642,0.25721514225006104,0.23776889377170138
anuragraj03__p65213137_jpg.rf.4ecc082cbb321021146d7e2cd25bab2a,yoloe,person,0.8938565850257874,0.1720449447631836,0.15131729973687066,0.3174509763717651,0.9064526028103299
anuragraj03__p65213137_jpg.rf.4ecc082cbb321021146d7e2cd25bab2a,yoloe,helmet,0.8190750479698181,0.19073874950408937,0.1497457080417209,0.24423539638519287,0.22540982564290366
anuragraj03__p65213137_jpg.rf.4ecc082cbb321021146d7e2cd25bab2a,yoloe,boots,0.16363604366779327,0.22216594219207764,0.6916473388671875,0.291977596282959,0.9064727783203125
anuragraj03__p65213137_jpg.rf.4ecc082cbb321021146d7e2cd25bab2a,ollama,person,,,,,
anuragraj03__p65213137_jpg.rf.4ecc082cbb321021146d7e2cd25bab2a,ollama,no-helmet,,,,,
anuragraj03__p65213137_jpg.rf.4ecc082cbb321021146d7e2cd25bab2a,ollama,no-gloves,,,,,
anuragraj03__p65213137_jpg.rf.4ecc082cbb321021146d7e2cd25bab2a,ollama,no-boots,,,,,
anuragraj03__p65213137_jpg.rf.4ecc082cbb321021146d7e2cd25bab2a,ollama,no-vest,,,,,
anuragraj03__p65213137_jpg.rf.4ecc082cbb321021146d7e2cd25bab2a,qwen3-vl,person,,,,,
anuragraj03__p65213137_jpg.rf.4ecc082cbb321021146d7e2cd25bab2a,qwen3-vl,helmet,,,,,
anuragraj03__p65213137_jpg.rf.4ecc082cbb321021146d7e2cd25bab2a,qwen3-vl,boots,,,,,
anuragraj03__p65213137_jpg.rf.4ecc082cbb321021146d7e2cd25bab2a,gemma4,person,,,,,
anuragraj03__p65213137_jpg.rf.4ecc082cbb321021146d7e2cd25bab2a,gemma4,helmet,,,,,
anuragraj03__p65213137_jpg.rf.4ecc082cbb321021146d7e2cd25bab2a,gemma4,gloves,,,,,
anuragraj03__p65213137_jpg.rf.4ecc082cbb321021146d7e2cd25bab2a,gemma4,boots,,,,,
anuragraj03__p65213137_jpg.rf.4ecc082cbb321021146d7e2cd25bab2a,gemma4,vest,,,,,
ketakichalke-boots__image309,yolo,helmet,0.8893365263938904,0.1270274519920349,0.3007971286773682,0.3542022228240967,0.48635687828063967
ketakichalke-boots__image309,yolo,helmet,0.8646802306175232,0.6376049995422364,0.29360389709472656,0.8448275566101074,0.501192045211792
ketakichalke-boots__image309,yolo,helmet,0.8423689007759094,0.21066527366638182,0.0952613115310669,0.41318984031677247,0.2538472890853882
ketakichalke-boots__image309,yolo,helmet,0.7766589522361755,0.2983781099319458,0.16564805507659913,0.48575191497802733,0.3293519258499146
ketakichalke-boots__image309,yolo,person,0.7699780464172363,0.040517556667327884,0.3063740015029907,0.38376736640930176,0.749604320526123
ketakichalke-boots__image309,yolo,helmet,0.6267185211181641,0.5616683006286621,0.44035162925720217,0.7444046020507813,0.6461354732513428
ketakichalke-boots__image309,yolo,helmet,0.586453378200531,0.4560945987701416,0.1787325620651245,0.6439000129699707,0.3664971590042114
ketakichalke-boots__image309,yolo,helmet,0.5306029319763184,0.011118268966674805,0.24356377124786377,0.13758283853530884,0.39025301933288575
ketakichalke-boots__image309,yolo,person,0.31375643610954285,0.45339260101318357,0.4049356937408447,0.8943458557128906,0.9453302383422851
ketakichalke-boots__image309,yolo,vest,0.29850223660469055,0.02981616258621216,0.3049804925918579,0.3816206455230713,0.773542833328247
ketakichalke-boots__image309,yolo,helmet,0.28074055910110474,0.8879164695739746,0.49112329483032224,0.9998388290405273,0.7338201522827148
ketakichalke-boots__image309,yoloe,helmet,0.8406471610069275,0.14239978790283203,0.3162836074829102,0.34384913444519044,0.46140241622924805
ketakichalke-boots__image309,yoloe,helmet,0.6716282963752747,0.22855916023254394,0.11431357860565186,0.39808728694915774,0.2241513729095459
ketakichalke-boots__image309,yoloe,helmet,0.6421118974685669,0.6469976902008057,0.3279618501663208,0.8223231315612793,0.48674492835998534
ketakichalke-boots__image309,yoloe,helmet,0.46692606806755066,0.3204412221908569,0.19380202293395996,0.4684450149536133,0.30534589290618896
ketakichalke-boots__image309,yoloe,helmet,0.350349098443985,0.7991360187530517,0.40803799629211424,0.8958602905273437,0.5725722312927246
ketakichalke-boots__image309,yoloe,helmet,0.3443896174430847,0.4698840618133545,0.2343836784362793,0.6228143692016601,0.3295846223831177
ketakichalke-boots__image309,yoloe,helmet,0.3225528597831726,0.3202108860015869,0.1940265417098999,0.46967277526855467,0.34290032386779784
ketakichalke-boots__image309,yoloe,person,0.29281288385391235,0.40975103378295896,0.5430269718170166,0.8839933395385742,0.9214760780334472
ketakichalke-boots__image309,yoloe,person,0.20744088292121887,0.05556743144989014,0.3178682327270508,0.5765968322753906,0.7291239261627197
ketakichalke-boots__image309,ollama,person,,,,,
ketakichalke-boots__image309,ollama,helmet,,,,,
ketakichalke-boots__image309,ollama,gloves,,,,,
ketakichalke-boots__image309,ollama,boots,,,,,
ketakichalke-boots__image309,ollama,vest,,,,,
ketakichalke-boots__image309,ollama,no-helmet,,,,,
ketakichalke-boots__image309,ollama,no-gloves,,,,,
ketakichalke-boots__image309,ollama,no-boots,,,,,
ketakichalke-boots__image309,qwen3-vl,person,,,,,
ketakichalke-boots__image309,qwen3-vl,helmet,,,,,
ketakichalke-boots__image309,qwen3-vl,gloves,,,,,
ketakichalke-boots__image309,qwen3-vl,boots,,,,,
ketakichalke-boots__image309,qwen3-vl,no-gloves,,,,,
ketakichalke-boots__image309,gemma4,person,,,,,
ketakichalke-boots__image309,gemma4,helmet,,,,,
ketakichalke-boots__image309,gemma4,gloves,,,,,
ketakichalke-boots__image309,gemma4,boots,,,,,
ketakichalke-boots__image309,gemma4,vest,,,,,
ketakichalke-boots__image309,gemma4,no-helmet,,,,,
ketakichalke-boots__image309,gemma4,no-gloves,,,,,
ketakichalke-boots__image904,yolo,vest,0.9241310954093933,0.47028360366821287,0.24438838958740233,0.7378225326538086,0.48877801895141604
ketakichalke-boots__image904,yolo,person,0.9095891714096069,0.41562228202819823,0.10201873779296874,0.8146721839904785,0.7957580089569092
ketakichalke-boots__image904,yolo,boots,0.8517449498176575,0.4950437068939209,0.6050206184387207,0.6169264793395997,0.751591682434082
ketakichalke-boots__image904,yolo,boots,0.8461423516273499,0.6578646659851074,0.604093360900879,0.7547007083892823,0.7643022060394287
ketakichalke-boots__image904,yolo,gloves,0.8382241725921631,0.6887834548950196,0.4623894691467285,0.7822698593139649,0.539166259765625
ketakichalke-boots__image904,yolo,helmet,0.820178210735321,0.5120119571685791,0.1333518147468567,0.6674037456512452,0.20803816318511964
ketakichalke-boots__image904,yolo,gloves,0.8101876378059387,0.4499951362609863,0.46990337371826174,0.5149847507476807,0.5330626487731933
ketakichalke-boots__image904,yoloe,person,0.9194306135177612,0.425507926940918,0.14197828769683837,0.7845272541046142,0.7508964538574219
ketakichalke-boots__image904,yoloe,boots,0.9042477011680603,0.5124913692474365,0.6207252502441406,0.6010566234588623,0.74089035987854
ketakichalke-boots__image904,yoloe,boots,0.8779042959213257,0.6652495861053467,0.6261973857879639,0.7428940296173095,0.7521452903747559
ketakichalke-boots__image904,yoloe,helmet,0.6800466775894165,0.5236214637756348,0.1412308931350708,0.657131576538086,0.20283198356628418
ketakichalke-boots__image904,yoloe,gloves,0.5808950066566467,0.7035399913787842,0.4709941864013672,0.7708775997161865,0.5312695980072022
ketakichalke-boots__image904,yoloe,vest,0.40853554010391235,0.4645083427429199,0.2603925228118896,0.7593914031982422,0.4812766551971436
ketakichalke-boots__image904,yoloe,gloves,0.331529825925827,0.45526890754699706,0.47743539810180663,0.5062342166900635,0.5277352333068848
ketakichalke-boots__image904,yoloe,vest,0.23541894555091858,0.478800630569458,0.2631958484649658,0.7453315734863282,0.48300976753234864
ketakichalke-boots__image904,yoloe,vest,0.1707771271467209,0.3984499931335449,0.2547004222869873,0.7883369445800781,0.4830193519592285
ketakichalke-boots__image904,yoloe,helmet,0.16447150707244873,0.5237912178039551,0.1409511923789978,0.6573210716247558,0.25745201110839844
ketakichalke-boots__image904,ollama,person,,,,,
ketakichalke-boots__image904,ollama,helmet,,,,,
ketakichalke-boots__image904,ollama,gloves,,,,,
ketakichalke-boots__image904,ollama,boots,,,,,
ketakichalke-boots__image904,ollama,no-helmet,,,,,
ketakichalke-boots__image904,ollama,no-gloves,,,,,
ketakichalke-boots__image904,ollama,no-boots,,,,,
ketakichalke-boots__image904,ollama,no-vest,,,,,
ketakichalke-boots__image904,qwen3-vl,person,,,,,
ketakichalke-boots__image904,qwen3-vl,helmet,,,,,
ketakichalke-boots__image904,qwen3-vl,gloves,,,,,
ketakichalke-boots__image904,qwen3-vl,boots,,,,,
ketakichalke-boots__image904,qwen3-vl,vest,,,,,
ketakichalke-boots__image904,gemma4,person,,,,,
ketakichalke-boots__image904,gemma4,helmet,,,,,
ketakichalke-boots__image904,gemma4,gloves,,,,,
ketakichalke-boots__image904,gemma4,boots,,,,,
ketakichalke-boots__image904,gemma4,vest,,,,,
snehilsanyal-main__IMG_5024_mp4-4_jpg.rf.02dc33f0f0ffc6b8eab4a796f01b3e79,yolo,person,0.9909454584121704,0.0,1.1587142944335938e-05,0.5496452808380127,0.4516901016235352
snehilsanyal-main__IMG_5024_mp4-4_jpg.rf.02dc33f0f0ffc6b8eab4a796f01b3e79,yolo,no-vest,0.9424380660057068,0.0,0.16481969356536866,0.5510302543640136,0.4501699924468994
snehilsanyal-main__IMG_5024_mp4-4_jpg.rf.02dc33f0f0ffc6b8eab4a796f01b3e79,yoloe,person,0.3956986963748932,0.875300121307373,0.16889576911926268,0.88784818649292,0.19937558174133302
snehilsanyal-main__IMG_5024_mp4-4_jpg.rf.02dc33f0f0ffc6b8eab4a796f01b3e79,yoloe,person,0.1600964367389679,0.0,0.0,0.5508504867553711,0.4471127033233643
snehilsanyal-main__IMG_5024_mp4-4_jpg.rf.02dc33f0f0ffc6b8eab4a796f01b3e79,ollama,person,,,,,
snehilsanyal-main__IMG_5024_mp4-4_jpg.rf.02dc33f0f0ffc6b8eab4a796f01b3e79,ollama,gloves,,,,,
snehilsanyal-main__IMG_5024_mp4-4_jpg.rf.02dc33f0f0ffc6b8eab4a796f01b3e79,ollama,boots,,,,,
snehilsanyal-main__IMG_5024_mp4-4_jpg.rf.02dc33f0f0ffc6b8eab4a796f01b3e79,ollama,no-vest,,,,,
snehilsanyal-main__autox6_mp4-80_jpg.rf.44eee52828ea57aaaac102dfbcc55e45,yolo,person,0.9728826880455017,0.3793907403945923,0.12587110996246337,0.999509620666504,0.4888614654541016
snehilsanyal-main__autox6_mp4-80_jpg.rf.44eee52828ea57aaaac102dfbcc55e45,yolo,no-helmet,0.8903741836547852,0.520151424407959,0.13122541904449464,1.0,0.31143486499786377
snehilsanyal-main__autox6_mp4-80_jpg.rf.44eee52828ea57aaaac102dfbcc55e45,yolo,person,0.8476113080978394,0.5423973083496094,0.48907179832458497,0.6231502056121826,0.603048038482666
snehilsanyal-main__autox6_mp4-80_jpg.rf.44eee52828ea57aaaac102dfbcc55e45,yolo,person,0.8388182520866394,0.10471346378326415,0.9122786521911621,0.12938205003738404,0.9574186325073242
snehilsanyal-main__autox6_mp4-80_jpg.rf.44eee52828ea57aaaac102dfbcc55e45,yoloe,person,0.5297162532806396,0.5284798622131348,0.1410811185836792,1.0,0.46028785705566405
snehilsanyal-main__autox6_mp4-80_jpg.rf.44eee52828ea57aaaac102dfbcc55e45,ollama,person,,,,,
snehilsanyal-main__autox6_mp4-80_jpg.rf.44eee52828ea57aaaac102dfbcc55e45,ollama,helmet,,,,,
snehilsanyal-main__autox6_mp4-80_jpg.rf.44eee52828ea57aaaac102dfbcc55e45,ollama,gloves,,,,,
snehilsanyal-main__autox6_mp4-80_jpg.rf.44eee52828ea57aaaac102dfbcc55e45,ollama,boots,,,,,
snehilsanyal-main__autox6_mp4-80_jpg.rf.44eee52828ea57aaaac102dfbcc55e45,ollama,vest,,,,,
snehilsanyal-main__autox6_mp4-80_jpg.rf.44eee52828ea57aaaac102dfbcc55e45,ollama,no-helmet,,,,,
snehilsanyal-main__autox6_mp4-80_jpg.rf.44eee52828ea57aaaac102dfbcc55e45,ollama,no-gloves,,,,,
snehilsanyal-main__autox6_mp4-80_jpg.rf.44eee52828ea57aaaac102dfbcc55e45,ollama,no-boots,,,,,
snehilsanyal-main__autox6_mp4-80_jpg.rf.44eee52828ea57aaaac102dfbcc55e45,qwen3-vl,person,,,,,
snehilsanyal-main__autox6_mp4-80_jpg.rf.44eee52828ea57aaaac102dfbcc55e45,qwen3-vl,boots,,,,,
snehilsanyal-main__autox6_mp4-80_jpg.rf.44eee52828ea57aaaac102dfbcc55e45,qwen3-vl,no-helmet,,,,,
snehilsanyal-main__autox6_mp4-80_jpg.rf.44eee52828ea57aaaac102dfbcc55e45,qwen3-vl,no-gloves,,,,,
snehilsanyal-main__video_CDC-YOUTUBE_mp4-50_jpg.rf.4912d4cb665e1ab8243c28d9c3039ae8,yolo,person,0.9818628430366516,0.539194393157959,0.33286855220794676,0.9989736557006836,1.0
snehilsanyal-main__video_CDC-YOUTUBE_mp4-50_jpg.rf.4912d4cb665e1ab8243c28d9c3039ae8,yolo,person,0.9716074466705322,0.5529861927032471,0.0,0.9993481636047363,0.32983806133270266
snehilsanyal-main__video_CDC-YOUTUBE_mp4-50_jpg.rf.4912d4cb665e1ab8243c28d9c3039ae8,yolo,person,0.9600856304168701,0.0,0.00046646595001220703,0.40561604499816895,0.3301298379898071
snehilsanyal-main__video_CDC-YOUTUBE_mp4-50_jpg.rf.4912d4cb665e1ab8243c28d9c3039ae8,yolo,person,0.9544258117675781,0.2123265266418457,0.0006779789924621582,0.539052677154541,0.3301048278808594
snehilsanyal-main__video_CDC-YOUTUBE_mp4-50_jpg.rf.4912d4cb665e1ab8243c28d9c3039ae8,yolo,no-vest,0.9490164518356323,0.5386585235595703,0.7312387466430664,1.0,0.9998085975646973
snehilsanyal-main__video_CDC-YOUTUBE_mp4-50_jpg.rf.4912d4cb665e1ab8243c28d9c3039ae8,yolo,no-vest,0.9448165893554688,0.6551370620727539,0.001048433780670166,0.9802395820617675,0.3317704200744629
snehilsanyal-main__video_CDC-YOUTUBE_mp4-50_jpg.rf.4912d4cb665e1ab8243c28d9c3039ae8,yolo,no-helmet,0.9190601706504822,0.538446044921875,0.33362255096435545,0.8683005332946777,0.5154582977294921
snehilsanyal-main__video_CDC-YOUTUBE_mp4-50_jpg.rf.4912d4cb665e1ab8243c28d9c3039ae8,yolo,no-helmet,0.9064972996711731,0.016067361831665038,0.007243132591247559,0.2687868595123291,0.11343593597412109
snehilsanyal-main__video_CDC-YOUTUBE_mp4-50_jpg.rf.4912d4cb665e1ab8243c28d9c3039ae8,yolo,person,0.8202689290046692,0.3744200229644775,0.0,0.5409836292266845,0.13969322443008422
snehilsanyal-main__video_CDC-YOUTUBE_mp4-50_jpg.rf.4912d4cb665e1ab8243c28d9c3039ae8,yolo,no-helmet,0.6691216826438904,0.4378056526184082,0.20063428878784179,0.5409462928771973,0.254577112197876
snehilsanyal-main__video_CDC-YOUTUBE_mp4-50_jpg.rf.4912d4cb665e1ab8243c28d9c3039ae8,yolo,person,0.42010459303855896,0.0012151181697845459,0.0006043463945388794,0.11615712642669677,0.09057338833808899
snehilsanyal-main__video_CDC-YOUTUBE_mp4-50_jpg.rf.4912d4cb665e1ab8243c28d9c3039ae8,yolo,no-helmet,0.3849124312400818,0.3761107921600342,0.00019628405570983886,0.5394524574279785,0.08081725835800171
snehilsanyal-main__video_CDC-YOUTUBE_mp4-50_jpg.rf.4912d4cb665e1ab8243c28d9c3039ae8,yoloe,person,0.9190205335617065,0.5401597023010254,0.3495971441268921,1.0,1.0
snehilsanyal-main__video_CDC-YOUTUBE_mp4-50_jpg.rf.4912d4cb665e1ab8243c28d9c3039ae8,yoloe,person,0.889899730682373,0.6257911682128906,0.0,0.9980674743652344,0.32869341373443606
snehilsanyal-main__video_CDC-YOUTUBE_mp4-50_jpg.rf.4912d4cb665e1ab8243c28d9c3039ae8,yoloe,person,0.8344748616218567,3.452301025390625e-05,0.023783779144287108,0.5360482215881348,0.3280522108078003
snehilsanyal-main__video_CDC-YOUTUBE_mp4-50_jpg.rf.4912d4cb665e1ab8243c28d9c3039ae8,yoloe,helmet,0.3726242482662201,0.12027463912963868,0.799459171295166,0.4262270927429199,0.9935251235961914
snehilsanyal-main__video_CDC-YOUTUBE_mp4-50_jpg.rf.4912d4cb665e1ab8243c28d9c3039ae8,ollama,person,,,,,
snehilsanyal-main__video_CDC-YOUTUBE_mp4-50_jpg.rf.4912d4cb665e1ab8243c28d9c3039ae8,ollama,helmet,,,,,
snehilsanyal-main__video_CDC-YOUTUBE_mp4-50_jpg.rf.4912d4cb665e1ab8243c28d9c3039ae8,ollama,gloves,,,,,
snehilsanyal-main__video_CDC-YOUTUBE_mp4-50_jpg.rf.4912d4cb665e1ab8243c28d9c3039ae8,ollama,boots,,,,,
snehilsanyal-main__video_CDC-YOUTUBE_mp4-50_jpg.rf.4912d4cb665e1ab8243c28d9c3039ae8,ollama,vest,,,,,
snehilsanyal-main__video_CDC-YOUTUBE_mp4-50_jpg.rf.4912d4cb665e1ab8243c28d9c3039ae8,ollama,no-helmet,,,,,
snehilsanyal-main__video_CDC-YOUTUBE_mp4-50_jpg.rf.4912d4cb665e1ab8243c28d9c3039ae8,ollama,no-gloves,,,,,
snehilsanyal-main__video_CDC-YOUTUBE_mp4-50_jpg.rf.4912d4cb665e1ab8243c28d9c3039ae8,ollama,no-boots,,,,,
snehilsanyal-main__video_CDC-YOUTUBE_mp4-50_jpg.rf.4912d4cb665e1ab8243c28d9c3039ae8,ollama,no-vest,,,,,
snehilsanyal-main__video_CDC-YOUTUBE_mp4-50_jpg.rf.4912d4cb665e1ab8243c28d9c3039ae8,qwen3-vl,person,,,,,
snehilsanyal-main__video_CDC-YOUTUBE_mp4-50_jpg.rf.4912d4cb665e1ab8243c28d9c3039ae8,qwen3-vl,no-helmet,,,,,
snehilsanyal-main__video_CDC-YOUTUBE_mp4-50_jpg.rf.4912d4cb665e1ab8243c28d9c3039ae8,gemma4,person,,,,,
snehilsanyal-main__video_CDC-YOUTUBE_mp4-50_jpg.rf.4912d4cb665e1ab8243c28d9c3039ae8,gemma4,no-helmet,,,,,
snehilsanyal-main__video_CDC-YOUTUBE_mp4-50_jpg.rf.4912d4cb665e1ab8243c28d9c3039ae8,gemma4,no-gloves,,,,,
snehilsanyal-main__video_CDC-YOUTUBE_mp4-50_jpg.rf.4912d4cb665e1ab8243c28d9c3039ae8,gemma4,no-boots,,,,,
snehilsanyal-main__video_CDC-YOUTUBE_mp4-50_jpg.rf.4912d4cb665e1ab8243c28d9c3039ae8,gemma4,no-vest,,,,,
snehilsanyal-main__youtube-480_jpg.rf.faf443d4d10cc97074f6a80225f0ac29,yolo,helmet,0.9049988389015198,0.2616555213928223,0.8022804260253906,0.35241074562072755,0.8931773185729981
snehilsanyal-main__youtube-480_jpg.rf.faf443d4d10cc97074f6a80225f0ac29,yolo,vest,0.9011422395706177,0.18974592685699462,0.9287554740905761,0.26903772354125977,1.0
snehilsanyal-main__youtube-480_jpg.rf.faf443d4d10cc97074f6a80225f0ac29,yolo,vest,0.8732684254646301,0.01272522211074829,0.9139228820800781,0.08227204084396363,1.0
snehilsanyal-main__youtube-480_jpg.rf.faf443d4d10cc97074f6a80225f0ac29,yolo,person,0.8565135598182678,0.15065091848373413,0.7949714660644531,0.3777047634124756,0.9995182991027832
snehilsanyal-main__youtube-480_jpg.rf.faf443d4d10cc97074f6a80225f0ac29,yolo,vest,0.8557008504867554,0.15055354833602905,0.935572338104248,0.2112337827682495,0.9999390602111816
snehilsanyal-main__youtube-480_jpg.rf.faf443d4d10cc97074f6a80225f0ac29,yolo,helmet,0.8242169618606567,0.04385969638824463,0.869656753540039,0.08650004863739014,0.9176864624023438
snehilsanyal-main__youtube-480_jpg.rf.faf443d4d10cc97074f6a80225f0ac29,yolo,helmet,0.7952491641044617,0.3847363471984863,0.791127061843872,0.41831212043762206,0.8754339218139648
snehilsanyal-main__youtube-480_jpg.rf.faf443d4d10cc97074f6a80225f0ac29,yolo,vest,0.7650160193443298,3.123655915260315e-06,0.916416072845459,0.023633746802806853,1.0
snehilsanyal-main__youtube-480_jpg.rf.faf443d4d10cc97074f6a80225f0ac29,yolo,helmet,0.764518141746521,0.23715322017669677,0.8918706893920898,0.273166298866272,0.9276276588439941
snehilsanyal-main__youtube-480_jpg.rf.faf443d4d10cc97074f6a80225f0ac29,yolo,helmet,0.7507947087287903,0.18140034675598143,0.8874802589416504,0.2207866430282593,0.9321057319641113
snehilsanyal-main__youtube-480_jpg.rf.faf443d4d10cc97074f6a80225f0ac29,yolo,person,0.7475839257240295,0.006159472465515137,0.8689678192138672,0.09793840646743775,1.0
snehilsanyal-main__youtube-480_jpg.rf.faf443d4d10cc97074f6a80225f0ac29,yolo,helmet,0.7408247590065002,0.002133700251579285,0.8796547889709473,0.037130051851272584,0.9215068817138672
snehilsanyal-main__youtube-480_jpg.rf.faf443d4d10cc97074f6a80225f0ac29,yolo,helmet,0.7307239174842834,0.3290327310562134,0.9197757720947266,0.3595529079437256,0.9556876182556152
snehilsanyal-main__youtube-480_jpg.rf.faf443d4d10cc97074f6a80225f0ac29,yolo,person,0.7280149459838867,0.16419568061828613,0.8887469291687011,0.2768251419067383,1.0
snehilsanyal-main__youtube-480_jpg.rf.faf443d4d10cc97074f6a80225f0ac29,yolo,person,0.6581923961639404,0.12687863111495973,0.8804186820983887,0.22272968292236328,1.0
snehilsanyal-main__youtube-480_jpg.rf.faf443d4d10cc97074f6a80225f0ac29,yolo,helmet,0.6461402773857117,0.0,0.05535424947738647,0.013320630788803101,0.15099847316741943
snehilsanyal-main__youtube-480_jpg.rf.faf443d4d10cc97074f6a80225f0ac29,yolo,person,0.6108437776565552,0.00018371045589447022,0.8749569892883301,0.039977970719337466,0.999694538116455
snehilsanyal-main__youtube-480_jpg.rf.faf443d4d10cc97074f6a80225f0ac29,yolo,vest,0.6081090569496155,0.3461988210678101,0.9314447402954101,0.4185768127441406,1.0
snehilsanyal-main__youtube-480_jpg.rf.faf443d4d10cc97074f6a80225f0ac29,yolo,person,0.5794517993927002,0.45132951736450194,0.6337628841400147,0.46535706520080566,0.6722474575042725
snehilsanyal-main__youtube-480_jpg.rf.faf443d4d10cc97074f6a80225f0ac29,yolo,vest,0.5737164616584778,0.2386296272277832,0.9435532569885254,0.3572205066680908,1.0
snehilsanyal-main__youtube-480_jpg.rf.faf443d4d10cc97074f6a80225f0ac29,yolo,person,0.5544243454933167,0.3089810609817505,0.7871126174926758,0.419356632232666,0.9997125625610351
snehilsanyal-main__youtube-480_jpg.rf.faf443d4d10cc97074f6a80225f0ac29,yolo,helmet,0.47962385416030884,0.027091062068939208,0.8898330688476562,0.055534249544143675,0.9291152954101562
snehilsanyal-main__youtube-480_jpg.rf.faf443d4d10cc97074f6a80225f0ac29,yolo,vest,0.3319777548313141,0.19489624500274658,0.9329675674438477,0.3636920928955078,1.0
snehilsanyal-main__youtube-480_jpg.rf.faf443d4d10cc97074f6a80225f0ac29,yolo,person,0.29114609956741333,0.28253166675567626,0.9166439056396485,0.388462495803833,0.9993179321289063
snehilsanyal-main__youtube-480_jpg.rf.faf443d4d10cc97074f6a80225f0ac29,yolo,helmet,0.27834606170654297,0.027232402563095094,0.8902421951293945,0.05680723190307617,0.9272585868835449
snehilsanyal-main__youtube-480_jpg.rf.faf443d4d10cc97074f6a80225f0ac29,yoloe,helmet,0.8200330138206482,0.2689050197601318,0.8072443008422852,0.34110565185546876,0.8838626861572265
snehilsanyal-main__youtube-480_jpg.rf.faf443d4d10cc97074f6a80225f0ac29,yoloe,helmet,0.8127166628837585,0.18458470106124877,0.8938528060913086,0.21683549880981445,0.9277299880981446
snehilsanyal-main__youtube-480_jpg.rf.faf443d4d10cc97074f6a80225f0ac29,yoloe,helmet,0.8068583011627197,0.0498830497264862,0.8787119865417481,0.08023906350135804,0.9084605216979981
snehilsanyal-main__youtube-480_jpg.rf.faf443d4d10cc97074f6a80225f0ac29,yoloe,person,0.7907308340072632,0.14864174127578736,0.8945763587951661,0.2189945697784424,1.0
snehilsanyal-main__youtube-480_jpg.rf.faf443d4d10cc97074f6a80225f0ac29,yoloe,person,0.7369899749755859,0.028177666664123534,0.878627872467041,0.07805356979370118,0.999913501739502
snehilsanyal-main__youtube-480_jpg.rf.faf443d4d10cc97074f6a80225f0ac29,yoloe,person,0.7163779139518738,0.19626731872558595,0.8079091072082519,0.358050012588501,1.0
snehilsanyal-main__youtube-480_jpg.rf.faf443d4d10cc97074f6a80225f0ac29,yoloe,person,0.6764437556266785,0.35867536067962646,0.8095876693725585,0.4182793617248535,0.9997030258178711
snehilsanyal-main__youtube-480_jpg.rf.faf443d4d10cc97074f6a80225f0ac29,yoloe,person,0.6554538011550903,0.35787763595581057,0.8090932846069336,0.417998218536377,0.9999631881713867
snehilsanyal-main__youtube-480_jpg.rf.faf443d4d10cc97074f6a80225f0ac29,yoloe,helmet,0.6031692028045654,0.388114857673645,0.809267807006836,0.4180125713348389,0.8577421188354493
snehilsanyal-main__youtube-480_jpg.rf.faf443d4d10cc97074f6a80225f0ac29,yoloe,person,0.5691996216773987,0.19434616565704346,0.8951583862304687,0.2755043268203735,0.9999757766723633
snehilsanyal-main__youtube-480_jpg.rf.faf443d4d10cc97074f6a80225f0ac29,yoloe,helmet,0.5666528344154358,0.004354469478130341,0.8869975090026856,0.03324805498123169,0.9213248252868652
snehilsanyal-main__youtube-480_jpg.rf.faf443d4d10cc97074f6a80225f0ac29,yoloe,person,0.48979756236076355,0.0004295960068702698,0.8872178077697754,0.03476863503456116,0.9997087478637695
snehilsanyal-main__youtube-480_jpg.rf.faf443d4d10cc97074f6a80225f0ac29,yoloe,person,0.47852933406829834,0.46431574821472166,0.690325927734375,0.4743067741394043,0.7180144786834717
snehilsanyal-main__youtube-480_jpg.rf.faf443d4d10cc97074f6a80225f0ac29,yoloe,helmet,0.4031108319759369,0.033132237195968625,0.8971988677978515,0.05135886669158936,0.9228578567504883
snehilsanyal-main__youtube-480_jpg.rf.faf443d4d10cc97074f6a80225f0ac29,yoloe,helmet,0.3388966917991638,0.38590388298034667,0.8083949089050293,0.418319845199585,0.8769163131713867
snehilsanyal-main__youtube-480_jpg.rf.faf443d4d10cc97074f6a80225f0ac29,yoloe,person,0.26568859815597534,0.5250000476837158,0.7013948917388916,0.5361349582672119,0.7382962226867675
snehilsanyal-main__youtube-480_jpg.rf.faf443d4d10cc97074f6a80225f0ac29,yoloe,helmet,0.2586701810359955,0.2397376775741577,0.8958263397216797,0.276549768447876,0.9325268745422364
snehilsanyal-main__youtube-480_jpg.rf.faf443d4d10cc97074f6a80225f0ac29,yoloe,helmet,0.17827002704143524,0.0055946484208106995,0.8870285987854004,0.03251717984676361,0.9109842300415039
snehilsanyal-main__youtube-480_jpg.rf.faf443d4d10cc97074f6a80225f0ac29,yoloe,person,0.15128794312477112,0.0,0.8868649482727051,0.03558095693588257,1.0
snehilsanyal-main__youtube-480_jpg.rf.faf443d4d10cc97074f6a80225f0ac29,ollama,person,,,,,
snehilsanyal-main__youtube-480_jpg.rf.faf443d4d10cc97074f6a80225f0ac29,ollama,helmet,,,,,
snehilsanyal-main__youtube-480_jpg.rf.faf443d4d10cc97074f6a80225f0ac29,ollama,gloves,,,,,
snehilsanyal-main__youtube-480_jpg.rf.faf443d4d10cc97074f6a80225f0ac29,ollama,boots,,,,,
snehilsanyal-main__youtube-480_jpg.rf.faf443d4d10cc97074f6a80225f0ac29,ollama,vest,,,,,
snehilsanyal-main__youtube-480_jpg.rf.faf443d4d10cc97074f6a80225f0ac29,qwen3-vl,person,,,,,
snehilsanyal-main__youtube-480_jpg.rf.faf443d4d10cc97074f6a80225f0ac29,qwen3-vl,helmet,,,,,
snehilsanyal-main__youtube-480_jpg.rf.faf443d4d10cc97074f6a80225f0ac29,qwen3-vl,gloves,,,,,
snehilsanyal-main__youtube-480_jpg.rf.faf443d4d10cc97074f6a80225f0ac29,qwen3-vl,boots,,,,,
snehilsanyal-main__youtube-480_jpg.rf.faf443d4d10cc97074f6a80225f0ac29,qwen3-vl,vest,,,,,
snehilsanyal-main__youtube-480_jpg.rf.faf443d4d10cc97074f6a80225f0ac29,gemma4,person,,,,,
snehilsanyal-main__youtube-480_jpg.rf.faf443d4d10cc97074f6a80225f0ac29,gemma4,helmet,,,,,
snehilsanyal-main__youtube-480_jpg.rf.faf443d4d10cc97074f6a80225f0ac29,gemma4,gloves,,,,,
snehilsanyal-main__youtube-480_jpg.rf.faf443d4d10cc97074f6a80225f0ac29,gemma4,boots,,,,,
snehilsanyal-main__youtube-480_jpg.rf.faf443d4d10cc97074f6a80225f0ac29,gemma4,vest,,,,,
snehilsanyal-main__youtube-682_jpg.rf.1b6032eab51a0902f1d56ff7425c5f2a,yolo,person,0.9444035887718201,3.3301115036010745e-05,0.13650692701339723,0.1551521062850952,0.5104977130889893
snehilsanyal-main__youtube-682_jpg.rf.1b6032eab51a0902f1d56ff7425c5f2a,yolo,person,0.9435609579086304,0.030141687393188475,0.5091641902923584,0.2683234453201294,0.9794668197631836
snehilsanyal-main__youtube-682_jpg.rf.1b6032eab51a0902f1d56ff7425c5f2a,yolo,person,0.9376410245895386,0.16791751384735107,0.508467435836792,0.37007110118865966,0.9380052566528321
snehilsanyal-main__youtube-682_jpg.rf.1b6032eab51a0902f1d56ff7425c5f2a,yolo,vest,0.9277727007865906,0.33904874324798584,0.5094490051269531,0.46403956413269043,0.6581821918487549
snehilsanyal-main__youtube-682_jpg.rf.1b6032eab51a0902f1d56ff7425c5f2a,yolo,vest,0.9230840802192688,0.054447174072265625,0.5227036952972413,0.20801100730895997,0.7361576557159424
snehilsanyal-main__youtube-682_jpg.rf.1b6032eab51a0902f1d56ff7425c5f2a,yolo,vest,0.9147330522537231,0.13407545089721679,0.2528733253479004,0.26307404041290283,0.45605125427246096
snehilsanyal-main__youtube-682_jpg.rf.1b6032eab51a0902f1d56ff7425c5f2a,yolo,vest,0.9109606146812439,0.2557451486587524,0.509211254119873,0.36670520305633547,0.6501317501068116
snehilsanyal-main__youtube-682_jpg.rf.1b6032eab51a0902f1d56ff7425c5f2a,yolo,vest,0.910526692867279,0.0004925131797790527,0.21814472675323487,0.12352132797241211,0.40256052017211913
snehilsanyal-main__youtube-682_jpg.rf.1b6032eab51a0902f1d56ff7425c5f2a,yolo,person,0.9066157341003418,0.3791302442550659,0.11871681213378907,0.499252462387085,0.5084043025970459
snehilsanyal-main__youtube-682_jpg.rf.1b6032eab51a0902f1d56ff7425c5f2a,yolo,person,0.9053701758384705,0.2770956754684448,0.07470104694366456,0.4361396312713623,0.28148765563964845
snehilsanyal-main__youtube-682_jpg.rf.1b6032eab51a0902f1d56ff7425c5f2a,yolo,person,0.8987310528755188,0.10979052782058715,0.19207824468612672,0.32980823516845703,0.5092686176300049
snehilsanyal-main__youtube-682_jpg.rf.1b6032eab51a0902f1d56ff7425c5f2a,yolo,vest,0.8973298072814941,0.08652922511100769,0.21210570335388185,0.19318199157714844,0.3832526683807373
snehilsanyal-main__youtube-682_jpg.rf.1b6032eab51a0902f1d56ff7425c5f2a,yolo,helmet,0.8947288393974304,0.2093275785446167,0.19259837865829468,0.2719379186630249,0.2748275279998779
snehilsanyal-main__youtube-682_jpg.rf.1b6032eab51a0902f1d56ff7425c5f2a,yolo,vest,0.8933591842651367,0.19062893390655516,0.5189677238464355,0.316312837600708,0.7051845073699952
snehilsanyal-main__youtube-682_jpg.rf.1b6032eab51a0902f1d56ff7425c5f2a,yolo,person,0.8835408687591553,0.3273768424987793,0.5083059310913086,0.49577784538269043,0.859162712097168
snehilsanyal-main__youtube-682_jpg.rf.1b6032eab51a0902f1d56ff7425c5f2a,yolo,helmet,0.8767215609550476,0.09808316230773925,0.13432643413543702,0.14625885486602783,0.19376566410064697
snehilsanyal-main__youtube-682_jpg.rf.1b6032eab51a0902f1d56ff7425c5f2a,yolo,helmet,0.8604869842529297,0.30314319133758544,0.08393304347991944,0.35212857723236085,0.1416790246963501
snehilsanyal-main__youtube-682_jpg.rf.1b6032eab51a0902f1d56ff7425c5f2a,yolo,person,0.8579999208450317,0.06786496043205262,0.11847352981567383,0.22157669067382812,0.508307933807373
snehilsanyal-main__youtube-682_jpg.rf.1b6032eab51a0902f1d56ff7425c5f2a,yolo,helmet,0.8546284437179565,0.37929511070251465,0.13683178424835205,0.44034576416015625,0.23112046718597412
snehilsanyal-main__youtube-682_jpg.rf.1b6032eab51a0902f1d56ff7425c5f2a,yolo,vest,0.8522245287895203,0.42463245391845705,0.5097409725189209,0.5002779006958008,0.6403957366943359
snehilsanyal-main__youtube-682_jpg.rf.1b6032eab51a0902f1d56ff7425c5f2a,yolo,vest,0.8295223116874695,0.42276954650878906,0.1863628625869751,0.5000423908233642,0.4099565982818604
snehilsanyal-main__youtube-682_jpg.rf.1b6032eab51a0902f1d56ff7425c5f2a,yolo,helmet,0.8210654258728027,0.015883901715278627,0.15261882543563843,0.06386128067970276,0.21500117778778077
snehilsanyal-main__youtube-682_jpg.rf.1b6032eab51a0902f1d56ff7425c5f2a,yolo,person,0.7884623408317566,0.7604767322540283,0.30901670455932617,0.7786723613739014,0.3500891923904419
snehilsanyal-main__youtube-682_jpg.rf.1b6032eab51a0902f1d56ff7425c5f2a,yolo,person,0.7806352972984314,0.25237240791320803,0.5063299179077149,0.4150745391845703,0.8864623069763183
snehilsanyal-main__youtube-682_jpg.rf.1b6032eab51a0902f1d56ff7425c5f2a,yolo,vest,0.7790831327438354,0.28999853134155273,0.15876340866088867,0.4025746822357178,0.264183497428894
snehilsanyal-main__youtube-682_jpg.rf.1b6032eab51a0902f1d56ff7425c5f2a,yolo,person,0.7624544501304626,0.40017051696777345,0.511029052734375,0.500344705581665,0.8069889068603515
snehilsanyal-main__youtube-682_jpg.rf.1b6032eab51a0902f1d56ff7425c5f2a,yolo,person,0.7284224629402161,0.1328360080718994,0.5029082298278809,0.2721066951751709,0.8712035179138183
snehilsanyal-main__youtube-682_jpg.rf.1b6032eab51a0902f1d56ff7425c5f2a,yolo,helmet,0.7262272834777832,0.2877434015274048,0.12069246768951417,0.3242205619812012,0.16691627502441406
snehilsanyal-main__youtube-682_jpg.rf.1b6032eab51a0902f1d56ff7425c5f2a,yolo,vest,0.6826316118240356,0.2868653774261475,0.1551748991012573,0.4075937747955322,0.27337398529052737
snehilsanyal-main__youtube-682_jpg.rf.1b6032eab51a0902f1d56ff7425c5f2a,yolo,person,0.6765495538711548,0.25269651412963867,0.5065689086914062,0.4144721031188965,0.8987103462219238
snehilsanyal-main__youtube-682_jpg.rf.1b6032eab51a0902f1d56ff7425c5f2a,yolo,vest,0.6652799248695374,0.14386520385742188,0.5123632907867431,0.21906776428222657,0.5961363792419434
snehilsanyal-main__youtube-682_jpg.rf.1b6032eab51a0902f1d56ff7425c5f2a,yolo,person,0.538245439529419,0.4083523750305176,0.5073320388793945,0.5003026008605957,0.8416966438293457
snehilsanyal-main__youtube-682_jpg.rf.1b6032eab51a0902f1d56ff7425c5f2a,yolo,vest,0.534842312335968,0.13931009769439698,0.5199108123779297,0.22648849487304687,0.68284912109375
snehilsanyal-main__youtube-682_jpg.rf.1b6032eab51a0902f1d56ff7425c5f2a,yolo,vest,0.4356430768966675,0.16528024673461914,0.5205705642700196,0.24234583377838134,0.6976398944854736
snehilsanyal-main__youtube-682_jpg.rf.1b6032eab51a0902f1d56ff7425c5f2a,yolo,vest,0.33123183250427246,0.22588663101196288,0.5096556663513183,0.2849339246749878,0.5429435729980469
snehilsanyal-main__youtube-682_jpg.rf.1b6032eab51a0902f1d56ff7425c5f2a,yolo,helmet,0.2786175012588501,0.01007923185825348,0.11169173717498779,0.058803224563598634,0.16485081911087035
snehilsanyal-main__youtube-682_jpg.rf.1b6032eab51a0902f1d56ff7425c5f2a,yoloe,person,0.8741939067840576,0.05765195488929749,0.5096504211425781,0.26097517013549804,0.9670953750610352
snehilsanyal-main__youtube-682_jpg.rf.1b6032eab51a0902f1d56ff7425c5f2a,yoloe,person,0.8135244846343994,0.0038360595703125,0.16229296922683717,0.12840923070907592,0.5079670429229737
snehilsanyal-main__youtube-682_jpg.rf.1b6032eab51a0902f1d56ff7425c5f2a,yoloe,helmet,0.7907623648643494,0.21421575546264648,0.20104362964630126,0.26905639171600343,0.27357304096221924
snehilsanyal-main__youtube-682_jpg.rf.1b6032eab51a0902f1d56ff7425c5f2a,yoloe,helmet,0.7766844630241394,0.1047101616859436,0.13914012908935547,0.1426808476448059,0.19241665601730346
snehilsanyal-main__youtube-682_jpg.rf.1b6032eab51a0902f1d56ff7425c5f2a,yoloe,person,0.6816118955612183,0.13849275112152098,0.2009176254272461,0.27093698978424074,0.5079086303710938
snehilsanyal-main__youtube-682_jpg.rf.1b6032eab51a0902f1d56ff7425c5f2a,yoloe,person,0.6810232400894165,0.190968656539917,0.5090199947357178,0.3469066858291626,0.9197046279907226
snehilsanyal-main__youtube-682_jpg.rf.1b6032eab51a0902f1d56ff7425c5f2a,yoloe,person,0.5860509872436523,0.34039721488952634,0.5099735260009766,0.4739039897918701,0.8720638275146484
snehilsanyal-main__youtube-682_jpg.rf.1b6032eab51a0902f1d56ff7425c5f2a,yoloe,helmet,0.5401943325996399,0.3052803039550781,0.08825186491012574,0.344467830657959,0.13961042165756227
snehilsanyal-main__youtube-682_jpg.rf.1b6032eab51a0902f1d56ff7425c5f2a,yoloe,person,0.4641348421573639,0.09040564298629761,0.1411471724510193,0.18462352752685546,0.503591251373291
snehilsanyal-main__youtube-682_jpg.rf.1b6032eab51a0902f1d56ff7425c5f2a,yoloe,person,0.4002469778060913,0.2861956596374512,0.08967911005020142,0.49990091323852537,0.3927730083465576
snehilsanyal-main__youtube-682_jpg.rf.1b6032eab51a0902f1d56ff7425c5f2a,yoloe,helmet,0.3972029387950897,0.2948817491531372,0.08842389583587647,0.34488821029663086,0.16400206089019775
snehilsanyal-main__youtube-682_jpg.rf.1b6032eab51a0902f1d56ff7425c5f2a,yoloe,boots,0.2926904559135437,0.47620716094970705,0.7558253765106201,0.4981389999389648,0.7963130474090576
snehilsanyal-main__youtube-682_jpg.rf.1b6032eab51a0902f1d56ff7425c5f2a,yoloe,person,0.24662157893180847,0.09106875658035278,0.14167073965072632,0.18310657739639283,0.44194836616516114
snehilsanyal-main__youtube-682_jpg.rf.1b6032eab51a0902f1d56ff7425c5f2a,yoloe,person,0.2413295954465866,0.285607647895813,0.08839278817176818,0.4243298530578613,0.27438056468963623
snehilsanyal-main__youtube-682_jpg.rf.1b6032eab51a0902f1d56ff7425c5f2a,yoloe,gloves,0.19717800617218018,0.262890362739563,0.6394192695617675,0.29770488739013673,0.674893569946289
snehilsanyal-main__youtube-682_jpg.rf.1b6032eab51a0902f1d56ff7425c5f2a,ollama,person,,,,,
snehilsanyal-main__youtube-682_jpg.rf.1b6032eab51a0902f1d56ff7425c5f2a,ollama,helmet,,,,,
snehilsanyal-main__youtube-682_jpg.rf.1b6032eab51a0902f1d56ff7425c5f2a,ollama,gloves,,,,,
snehilsanyal-main__youtube-682_jpg.rf.1b6032eab51a0902f1d56ff7425c5f2a,ollama,boots,,,,,
snehilsanyal-main__youtube-682_jpg.rf.1b6032eab51a0902f1d56ff7425c5f2a,ollama,vest,,,,,
snehilsanyal-main__youtube-682_jpg.rf.1b6032eab51a0902f1d56ff7425c5f2a,qwen3-vl,person,,,,,
snehilsanyal-main__youtube-682_jpg.rf.1b6032eab51a0902f1d56ff7425c5f2a,qwen3-vl,helmet,,,,,
snehilsanyal-main__youtube-682_jpg.rf.1b6032eab51a0902f1d56ff7425c5f2a,qwen3-vl,gloves,,,,,
snehilsanyal-main__youtube-682_jpg.rf.1b6032eab51a0902f1d56ff7425c5f2a,qwen3-vl,boots,,,,,
snehilsanyal-main__youtube-682_jpg.rf.1b6032eab51a0902f1d56ff7425c5f2a,qwen3-vl,vest,,,,,
snehilsanyal-main__youtube-682_jpg.rf.1b6032eab51a0902f1d56ff7425c5f2a,gemma4,person,,,,,
snehilsanyal-main__youtube-682_jpg.rf.1b6032eab51a0902f1d56ff7425c5f2a,gemma4,helmet,,,,,
snehilsanyal-main__youtube-682_jpg.rf.1b6032eab51a0902f1d56ff7425c5f2a,gemma4,gloves,,,,,
snehilsanyal-main__youtube-682_jpg.rf.1b6032eab51a0902f1d56ff7425c5f2a,gemma4,boots,,,,,
snehilsanyal-main__youtube-682_jpg.rf.1b6032eab51a0902f1d56ff7425c5f2a,gemma4,vest,,,,,
