file,model,class_name,present,parse_error
anuragraj03__frame00021_png.rf.38d421896f6c4c90266c4580f83c69e1,yolo,person,False,False
anuragraj03__frame00021_png.rf.38d421896f6c4c90266c4580f83c69e1,yolo,helmet,False,False
anuragraj03__frame00021_png.rf.38d421896f6c4c90266c4580f83c69e1,yolo,gloves,False,False
anuragraj03__frame00021_png.rf.38d421896f6c4c90266c4580f83c69e1,yolo,boots,False,False
anuragraj03__frame00021_png.rf.38d421896f6c4c90266c4580f83c69e1,yolo,vest,False,False
anuragraj03__frame00021_png.rf.38d421896f6c4c90266c4580f83c69e1,yolo,no-helmet,True,False
anuragraj03__frame00021_png.rf.38d421896f6c4c90266c4580f83c69e1,yolo,no-gloves,False,False
anuragraj03__frame00021_png.rf.38d421896f6c4c90266c4580f83c69e1,yolo,no-boots,True,False
anuragraj03__frame00021_png.rf.38d421896f6c4c90266c4580f83c69e1,yolo,no-vest,False,False
anuragraj03__frame00021_png.rf.38d421896f6c4c90266c4580f83c69e1,ollama,person,True,False
anuragraj03__frame00021_png.rf.38d421896f6c4c90266c4580f83c69e1,ollama,helmet,False,False
anuragraj03__frame00021_png.rf.38d421896f6c4c90266c4580f83c69e1,ollama,gloves,True,False
anuragraj03__frame00021_png.rf.38d421896f6c4c90266c4580f83c69e1,ollama,boots,False,False
anuragraj03__frame00021_png.rf.38d421896f6c4c90266c4580f83c69e1,ollama,vest,False,False
anuragraj03__frame00021_png.rf.38d421896f6c4c90266c4580f83c69e1,ollama,no-helmet,True,False
anuragraj03__frame00021_png.rf.38d421896f6c4c90266c4580f83c69e1,ollama,no-gloves,False,False
anuragraj03__frame00021_png.rf.38d421896f6c4c90266c4580f83c69e1,ollama,no-boots,False,False
anuragraj03__frame00021_png.rf.38d421896f6c4c90266c4580f83c69e1,ollama,no-vest,False,False
anuragraj03__frame00021_png.rf.38d421896f6c4c90266c4580f83c69e1,qwen3-vl,person,True,False
anuragraj03__frame00021_png.rf.38d421896f6c4c90266c4580f83c69e1,qwen3-vl,helmet,False,False
anuragraj03__frame00021_png.rf.38d421896f6c4c90266c4580f83c69e1,qwen3-vl,gloves,False,False
anuragraj03__frame00021_png.rf.38d421896f6c4c90266c4580f83c69e1,qwen3-vl,boots,False,False
anuragraj03__frame00021_png.rf.38d421896f6c4c90266c4580f83c69e1,qwen3-vl,vest,False,False
anuragraj03__frame00021_png.rf.38d421896f6c4c90266c4580f83c69e1,qwen3-vl,no-helmet,True,False
anuragraj03__frame00021_png.rf.38d421896f6c4c90266c4580f83c69e1,qwen3-vl,no-gloves,True,False
anuragraj03__frame00021_png.rf.38d421896f6c4c90266c4580f83c69e1,qwen3-vl,no-boots,True,False
anuragraj03__frame00021_png.rf.38d421896f6c4c90266c4580f83c69e1,qwen3-vl,no-vest,True,False
anuragraj03__frame00021_png.rf.38d421896f6c4c90266c4580f83c69e1,gemma4,person,True,False
anuragraj03__frame00021_png.rf.38d421896f6c4c90266c4580f83c69e1,gemma4,helmet,True,False
anuragraj03__frame00021_png.rf.38d421896f6c4c90266c4580f83c69e1,gemma4,gloves,False,False
anuragraj03__frame00021_png.rf.38d421896f6c4c90266c4580f83c69e1,gemma4,boots,True,False
anuragraj03__frame00021_png.rf.38d421896f6c4c90266c4580f83c69e1,gemma4,vest,True,False
anuragraj03__frame00021_png.rf.38d421896f6c4c90266c4580f83c69e1,gemma4,no-helmet,False,False
anuragraj03__frame00021_png.rf.38d421896f6c4c90266c4580f83c69e1,gemma4,no-gloves,True,False
anuragraj03__frame00021_png.rf.38d421896f6c4c90266c4580f83c69e1,gemma4,no-boots,False,False
anuragraj03__frame00021_png.rf.38d421896f6c4c90266c4580f83c69e1,gemma4,no-vest,False,False
anuragraj03__frame00021_png.rf.38d421896f6c4c90266c4580f83c69e1,minicpm-v,person,True,False
anuragraj03__frame00021_png.rf.38d421896f6c4c90266c4580f83c69e1,minicpm-v,helmet,True,False
anuragraj03__frame00021_png.rf.38d421896f6c4c90266c4580f83c69e1,minicpm-v,gloves,True,False
anuragraj03__frame00021_png.rf.38d421896f6c4c90266c4580f83c69e1,minicpm-v,boots,True,False
anuragraj03__frame00021_png.rf.38d421896f6c4c90266c4580f83c69e1,minicpm-v,vest,True,False
anuragraj03__frame00021_png.rf.38d421896f6c4c90266c4580f83c69e1,minicpm-v,no-helmet,False,False
anuragraj03__frame00021_png.rf.38d421896f6c4c90266c4580f83c69e1,minicpm-v,no-gloves,False,False
anuragraj03__frame00021_png.rf.38d421896f6c4c90266c4580f83c69e1,minicpm-v,no-boots,False,False
anuragraj03__frame00021_png.rf.38d421896f6c4c90266c4580f83c69e1,minicpm-v,no-vest,False,False
anuragraj03__frame00021_png.rf.6351ffaa10ce9e287cc0f1d232aee57e,yolo,person,False,False
anuragraj03__frame00021_png.rf.6351ffaa10ce9e287cc0f1d232aee57e,yolo,helmet,False,False
anuragraj03__frame00021_png.rf.6351ffaa10ce9e287cc0f1d232aee57e,yolo,gloves,False,False
anuragraj03__frame00021_png.rf.6351ffaa10ce9e287cc0f1d232aee57e,yolo,boots,False,False
anuragraj03__frame00021_png.rf.6351ffaa10ce9e287cc0f1d232aee57e,yolo,vest,False,False
anuragraj03__frame00021_png.rf.6351ffaa10ce9e287cc0f1d232aee57e,yolo,no-helmet,True,False
anuragraj03__frame00021_png.rf.6351ffaa10ce9e287cc0f1d232aee57e,yolo,no-gloves,False,False
anuragraj03__frame00021_png.rf.6351ffaa10ce9e287cc0f1d232aee57e,yolo,no-boots,True,False
anuragraj03__frame00021_png.rf.6351ffaa10ce9e287cc0f1d232aee57e,yolo,no-vest,False,False
anuragraj03__frame00021_png.rf.6351ffaa10ce9e287cc0f1d232aee57e,ollama,person,True,False
anuragraj03__frame00021_png.rf.6351ffaa10ce9e287cc0f1d232aee57e,ollama,helmet,False,False
anuragraj03__frame00021_png.rf.6351ffaa10ce9e287cc0f1d232aee57e,ollama,gloves,False,False
anuragraj03__frame00021_png.rf.6351ffaa10ce9e287cc0f1d232aee57e,ollama,boots,False,False
anuragraj03__frame00021_png.rf.6351ffaa10ce9e287cc0f1d232aee57e,ollama,vest,False,False
anuragraj03__frame00021_png.rf.6351ffaa10ce9e287cc0f1d232aee57e,ollama,no-helmet,False,False
anuragraj03__frame00021_png.rf.6351ffaa10ce9e287cc0f1d232aee57e,ollama,no-gloves,False,False
anuragraj03__frame00021_png.rf.6351ffaa10ce9e287cc0f1d232aee57e,ollama,no-boots,False,False
anuragraj03__frame00021_png.rf.6351ffaa10ce9e287cc0f1d232aee57e,ollama,no-vest,False,False
anuragraj03__frame00021_png.rf.6351ffaa10ce9e287cc0f1d232aee57e,qwen3-vl,person,True,False
anuragraj03__frame00021_png.rf.6351ffaa10ce9e287cc0f1d232aee57e,qwen3-vl,helmet,False,False
anuragraj03__frame00021_png.rf.6351ffaa10ce9e287cc0f1d232aee57e,qwen3-vl,gloves,False,False
anuragraj03__frame00021_png.rf.6351ffaa10ce9e287cc0f1d232aee57e,qwen3-vl,boots,False,False
anuragraj03__frame00021_png.rf.6351ffaa10ce9e287cc0f1d232aee57e,qwen3-vl,vest,False,False
anuragraj03__frame00021_png.rf.6351ffaa10ce9e287cc0f1d232aee57e,qwen3-vl,no-helmet,True,False
anuragraj03__frame00021_png.rf.6351ffaa10ce9e287cc0f1d232aee57e,qwen3-vl,no-gloves,True,False
anuragraj03__frame00021_png.rf.6351ffaa10ce9e287cc0f1d232aee57e,qwen3-vl,no-boots,True,False
anuragraj03__frame00021_png.rf.6351ffaa10ce9e287cc0f1d232aee57e,qwen3-vl,no-vest,True,False
anuragraj03__frame00021_png.rf.6351ffaa10ce9e287cc0f1d232aee57e,gemma4,person,True,False
anuragraj03__frame00021_png.rf.6351ffaa10ce9e287cc0f1d232aee57e,gemma4,helmet,False,False
anuragraj03__frame00021_png.rf.6351ffaa10ce9e287cc0f1d232aee57e,gemma4,gloves,False,False
anuragraj03__frame00021_png.rf.6351ffaa10ce9e287cc0f1d232aee57e,gemma4,boots,True,False
anuragraj03__frame00021_png.rf.6351ffaa10ce9e287cc0f1d232aee57e,gemma4,vest,True,False
anuragraj03__frame00021_png.rf.6351ffaa10ce9e287cc0f1d232aee57e,gemma4,no-helmet,True,False
anuragraj03__frame00021_png.rf.6351ffaa10ce9e287cc0f1d232aee57e,gemma4,no-gloves,True,False
anuragraj03__frame00021_png.rf.6351ffaa10ce9e287cc0f1d232aee57e,gemma4,no-boots,False,False
anuragraj03__frame00021_png.rf.6351ffaa10ce9e287cc0f1d232aee57e,gemma4,no-vest,False,False
anuragraj03__frame00021_png.rf.6351ffaa10ce9e287cc0f1d232aee57e,minicpm-v,person,True,False
anuragraj03__frame00021_png.rf.6351ffaa10ce9e287cc0f1d232aee57e,minicpm-v,helmet,False,False
anuragraj03__frame00021_png.rf.6351ffaa10ce9e287cc0f1d232aee57e,minicpm-v,gloves,False,False
anuragraj03__frame00021_png.rf.6351ffaa10ce9e287cc0f1d232aee57e,minicpm-v,boots,True,False
anuragraj03__frame00021_png.rf.6351ffaa10ce9e287cc0f1d232aee57e,minicpm-v,vest,False,False
anuragraj03__frame00021_png.rf.6351ffaa10ce9e287cc0f1d232aee57e,minicpm-v,no-helmet,True,False
anuragraj03__frame00021_png.rf.6351ffaa10ce9e287cc0f1d232aee57e,minicpm-v,no-gloves,True,False
anuragraj03__frame00021_png.rf.6351ffaa10ce9e287cc0f1d232aee57e,minicpm-v,no-boots,False,False
anuragraj03__frame00021_png.rf.6351ffaa10ce9e287cc0f1d232aee57e,minicpm-v,no-vest,True,False
anuragraj03__frame00021_png.rf.6f750430bf2c2ad4d0d34dd36a9377d0,yolo,person,False,False
anuragraj03__frame00021_png.rf.6f750430bf2c2ad4d0d34dd36a9377d0,yolo,helmet,True,False
anuragraj03__frame00021_png.rf.6f750430bf2c2ad4d0d34dd36a9377d0,yolo,gloves,False,False
anuragraj03__frame00021_png.rf.6f750430bf2c2ad4d0d34dd36a9377d0,yolo,boots,True,False
anuragraj03__frame00021_png.rf.6f750430bf2c2ad4d0d34dd36a9377d0,yolo,vest,False,False
anuragraj03__frame00021_png.rf.6f750430bf2c2ad4d0d34dd36a9377d0,yolo,no-helmet,False,False
anuragraj03__frame00021_png.rf.6f750430bf2c2ad4d0d34dd36a9377d0,yolo,no-gloves,False,False
anuragraj03__frame00021_png.rf.6f750430bf2c2ad4d0d34dd36a9377d0,yolo,no-boots,True,False
anuragraj03__frame00021_png.rf.6f750430bf2c2ad4d0d34dd36a9377d0,yolo,no-vest,False,False
anuragraj03__frame00021_png.rf.6f750430bf2c2ad4d0d34dd36a9377d0,ollama,person,True,False
anuragraj03__frame00021_png.rf.6f750430bf2c2ad4d0d34dd36a9377d0,ollama,helmet,True,False
anuragraj03__frame00021_png.rf.6f750430bf2c2ad4d0d34dd36a9377d0,ollama,gloves,False,False
anuragraj03__frame00021_png.rf.6f750430bf2c2ad4d0d34dd36a9377d0,ollama,boots,True,False
anuragraj03__frame00021_png.rf.6f750430bf2c2ad4d0d34dd36a9377d0,ollama,vest,True,False
anuragraj03__frame00021_png.rf.6f750430bf2c2ad4d0d34dd36a9377d0,ollama,no-helmet,True,False
anuragraj03__frame00021_png.rf.6f750430bf2c2ad4d0d34dd36a9377d0,ollama,no-gloves,False,False
anuragraj03__frame00021_png.rf.6f750430bf2c2ad4d0d34dd36a9377d0,ollama,no-boots,False,False
anuragraj03__frame00021_png.rf.6f750430bf2c2ad4d0d34dd36a9377d0,ollama,no-vest,False,False
anuragraj03__frame00021_png.rf.6f750430bf2c2ad4d0d34dd36a9377d0,qwen3-vl,person,True,False
anuragraj03__frame00021_png.rf.6f750430bf2c2ad4d0d34dd36a9377d0,qwen3-vl,helmet,True,False
anuragraj03__frame00021_png.rf.6f750430bf2c2ad4d0d34dd36a9377d0,qwen3-vl,gloves,True,False
anuragraj03__frame00021_png.rf.6f750430bf2c2ad4d0d34dd36a9377d0,qwen3-vl,boots,True,False
anuragraj03__frame00021_png.rf.6f750430bf2c2ad4d0d34dd36a9377d0,qwen3-vl,vest,True,False
anuragraj03__frame00021_png.rf.6f750430bf2c2ad4d0d34dd36a9377d0,qwen3-vl,no-helmet,False,False
anuragraj03__frame00021_png.rf.6f750430bf2c2ad4d0d34dd36a9377d0,qwen3-vl,no-gloves,False,False
anuragraj03__frame00021_png.rf.6f750430bf2c2ad4d0d34dd36a9377d0,qwen3-vl,no-boots,False,False
anuragraj03__frame00021_png.rf.6f750430bf2c2ad4d0d34dd36a9377d0,qwen3-vl,no-vest,False,False
anuragraj03__frame00021_png.rf.6f750430bf2c2ad4d0d34dd36a9377d0,gemma4,person,True,False
anuragraj03__frame00021_png.rf.6f750430bf2c2ad4d0d34dd36a9377d0,gemma4,helmet,True,False
anuragraj03__frame00021_png.rf.6f750430bf2c2ad4d0d34dd36a9377d0,gemma4,gloves,True,False
anuragraj03__frame00021_png.rf.6f750430bf2c2ad4d0d34dd36a9377d0,gemma4,boots,True,False
anuragraj03__frame00021_png.rf.6f750430bf2c2ad4d0d34dd36a9377d0,gemma4,vest,True,False
anuragraj03__frame00021_png.rf.6f750430bf2c2ad4d0d34dd36a9377d0,gemma4,no-helmet,False,False
anuragraj03__frame00021_png.rf.6f750430bf2c2ad4d0d34dd36a9377d0,gemma4,no-gloves,True,False
anuragraj03__frame00021_png.rf.6f750430bf2c2ad4d0d34dd36a9377d0,gemma4,no-boots,False,False
anuragraj03__frame00021_png.rf.6f750430bf2c2ad4d0d34dd36a9377d0,gemma4,no-vest,False,False
anuragraj03__frame00021_png.rf.6f750430bf2c2ad4d0d34dd36a9377d0,minicpm-v,person,True,False
anuragraj03__frame00021_png.rf.6f750430bf2c2ad4d0d34dd36a9377d0,minicpm-v,helmet,True,False
anuragraj03__frame00021_png.rf.6f750430bf2c2ad4d0d34dd36a9377d0,minicpm-v,gloves,True,False
anuragraj03__frame00021_png.rf.6f750430bf2c2ad4d0d34dd36a9377d0,minicpm-v,boots,True,False
anuragraj03__frame00021_png.rf.6f750430bf2c2ad4d0d34dd36a9377d0,minicpm-v,vest,True,False
anuragraj03__frame00021_png.rf.6f750430bf2c2ad4d0d34dd36a9377d0,minicpm-v,no-helmet,False,False
anuragraj03__frame00021_png.rf.6f750430bf2c2ad4d0d34dd36a9377d0,minicpm-v,no-gloves,False,False
anuragraj03__frame00021_png.rf.6f750430bf2c2ad4d0d34dd36a9377d0,minicpm-v,no-boots,False,False
anuragraj03__frame00021_png.rf.6f750430bf2c2ad4d0d34dd36a9377d0,minicpm-v,no-vest,False,False
anuragraj03__frame00041_png.rf.6aef4165528a5eadb807bdc84365aa8d,yolo,person,False,False
anuragraj03__frame00041_png.rf.6aef4165528a5eadb807bdc84365aa8d,yolo,helmet,True,False
anuragraj03__frame00041_png.rf.6aef4165528a5eadb807bdc84365aa8d,yolo,gloves,True,False
anuragraj03__frame00041_png.rf.6aef4165528a5eadb807bdc84365aa8d,yolo,boots,True,False
anuragraj03__frame00041_png.rf.6aef4165528a5eadb807bdc84365aa8d,yolo,vest,False,False
anuragraj03__frame00041_png.rf.6aef4165528a5eadb807bdc84365aa8d,yolo,no-helmet,False,False
anuragraj03__frame00041_png.rf.6aef4165528a5eadb807bdc84365aa8d,yolo,no-gloves,True,False
anuragraj03__frame00041_png.rf.6aef4165528a5eadb807bdc84365aa8d,yolo,no-boots,False,False
anuragraj03__frame00041_png.rf.6aef4165528a5eadb807bdc84365aa8d,yolo,no-vest,False,False
anuragraj03__frame00041_png.rf.6aef4165528a5eadb807bdc84365aa8d,ollama,person,True,False
anuragraj03__frame00041_png.rf.6aef4165528a5eadb807bdc84365aa8d,ollama,helmet,False,False
anuragraj03__frame00041_png.rf.6aef4165528a5eadb807bdc84365aa8d,ollama,gloves,False,False
anuragraj03__frame00041_png.rf.6aef4165528a5eadb807bdc84365aa8d,ollama,boots,False,False
anuragraj03__frame00041_png.rf.6aef4165528a5eadb807bdc84365aa8d,ollama,vest,False,False
anuragraj03__frame00041_png.rf.6aef4165528a5eadb807bdc84365aa8d,ollama,no-helmet,True,False
anuragraj03__frame00041_png.rf.6aef4165528a5eadb807bdc84365aa8d,ollama,no-gloves,True,False
anuragraj03__frame00041_png.rf.6aef4165528a5eadb807bdc84365aa8d,ollama,no-boots,True,False
anuragraj03__frame00041_png.rf.6aef4165528a5eadb807bdc84365aa8d,ollama,no-vest,False,False
anuragraj03__frame00041_png.rf.6aef4165528a5eadb807bdc84365aa8d,qwen3-vl,person,True,False
anuragraj03__frame00041_png.rf.6aef4165528a5eadb807bdc84365aa8d,qwen3-vl,helmet,True,False
anuragraj03__frame00041_png.rf.6aef4165528a5eadb807bdc84365aa8d,qwen3-vl,gloves,False,False
anuragraj03__frame00041_png.rf.6aef4165528a5eadb807bdc84365aa8d,qwen3-vl,boots,True,False
anuragraj03__frame00041_png.rf.6aef4165528a5eadb807bdc84365aa8d,qwen3-vl,vest,False,False
anuragraj03__frame00041_png.rf.6aef4165528a5eadb807bdc84365aa8d,qwen3-vl,no-helmet,False,False
anuragraj03__frame00041_png.rf.6aef4165528a5eadb807bdc84365aa8d,qwen3-vl,no-gloves,False,False
anuragraj03__frame00041_png.rf.6aef4165528a5eadb807bdc84365aa8d,qwen3-vl,no-boots,False,False
anuragraj03__frame00041_png.rf.6aef4165528a5eadb807bdc84365aa8d,qwen3-vl,no-vest,False,False
anuragraj03__frame00041_png.rf.6aef4165528a5eadb807bdc84365aa8d,gemma4,person,True,False
anuragraj03__frame00041_png.rf.6aef4165528a5eadb807bdc84365aa8d,gemma4,helmet,True,False
anuragraj03__frame00041_png.rf.6aef4165528a5eadb807bdc84365aa8d,gemma4,gloves,True,False
anuragraj03__frame00041_png.rf.6aef4165528a5eadb807bdc84365aa8d,gemma4,boots,True,False
anuragraj03__frame00041_png.rf.6aef4165528a5eadb807bdc84365aa8d,gemma4,vest,True,False
anuragraj03__frame00041_png.rf.6aef4165528a5eadb807bdc84365aa8d,gemma4,no-helmet,False,False
anuragraj03__frame00041_png.rf.6aef4165528a5eadb807bdc84365aa8d,gemma4,no-gloves,False,False
anuragraj03__frame00041_png.rf.6aef4165528a5eadb807bdc84365aa8d,gemma4,no-boots,False,False
anuragraj03__frame00041_png.rf.6aef4165528a5eadb807bdc84365aa8d,gemma4,no-vest,False,False
anuragraj03__frame00041_png.rf.6aef4165528a5eadb807bdc84365aa8d,minicpm-v,person,True,False
anuragraj03__frame00041_png.rf.6aef4165528a5eadb807bdc84365aa8d,minicpm-v,helmet,True,False
anuragraj03__frame00041_png.rf.6aef4165528a5eadb807bdc84365aa8d,minicpm-v,gloves,True,False
anuragraj03__frame00041_png.rf.6aef4165528a5eadb807bdc84365aa8d,minicpm-v,boots,True,False
anuragraj03__frame00041_png.rf.6aef4165528a5eadb807bdc84365aa8d,minicpm-v,vest,True,False
anuragraj03__frame00041_png.rf.6aef4165528a5eadb807bdc84365aa8d,minicpm-v,no-helmet,False,False
anuragraj03__frame00041_png.rf.6aef4165528a5eadb807bdc84365aa8d,minicpm-v,no-gloves,False,False
anuragraj03__frame00041_png.rf.6aef4165528a5eadb807bdc84365aa8d,minicpm-v,no-boots,False,False
anuragraj03__frame00041_png.rf.6aef4165528a5eadb807bdc84365aa8d,minicpm-v,no-vest,False,False
anuragraj03__frame00201_png.rf.aac99eb08f965b47bf3a4e6925999a27,yolo,person,False,False
anuragraj03__frame00201_png.rf.aac99eb08f965b47bf3a4e6925999a27,yolo,helmet,True,False
anuragraj03__frame00201_png.rf.aac99eb08f965b47bf3a4e6925999a27,yolo,gloves,False,False
anuragraj03__frame00201_png.rf.aac99eb08f965b47bf3a4e6925999a27,yolo,boots,False,False
anuragraj03__frame00201_png.rf.aac99eb08f965b47bf3a4e6925999a27,yolo,vest,False,False
anuragraj03__frame00201_png.rf.aac99eb08f965b47bf3a4e6925999a27,yolo,no-helmet,False,False
anuragraj03__frame00201_png.rf.aac99eb08f965b47bf3a4e6925999a27,yolo,no-gloves,False,False
anuragraj03__frame00201_png.rf.aac99eb08f965b47bf3a4e6925999a27,yolo,no-boots,False,False
anuragraj03__frame00201_png.rf.aac99eb08f965b47bf3a4e6925999a27,yolo,no-vest,False,False
anuragraj03__frame00201_png.rf.aac99eb08f965b47bf3a4e6925999a27,ollama,person,True,False
anuragraj03__frame00201_png.rf.aac99eb08f965b47bf3a4e6925999a27,ollama,helmet,True,False
anuragraj03__frame00201_png.rf.aac99eb08f965b47bf3a4e6925999a27,ollama,gloves,True,False
anuragraj03__frame00201_png.rf.aac99eb08f965b47bf3a4e6925999a27,ollama,boots,True,False
anuragraj03__frame00201_png.rf.aac99eb08f965b47bf3a4e6925999a27,ollama,vest,True,False
anuragraj03__frame00201_png.rf.aac99eb08f965b47bf3a4e6925999a27,ollama,no-helmet,True,False
anuragraj03__frame00201_png.rf.aac99eb08f965b47bf3a4e6925999a27,ollama,no-gloves,True,False
anuragraj03__frame00201_png.rf.aac99eb08f965b47bf3a4e6925999a27,ollama,no-boots,True,False
anuragraj03__frame00201_png.rf.aac99eb08f965b47bf3a4e6925999a27,ollama,no-vest,True,False
anuragraj03__frame00201_png.rf.aac99eb08f965b47bf3a4e6925999a27,qwen3-vl,person,True,False
anuragraj03__frame00201_png.rf.aac99eb08f965b47bf3a4e6925999a27,qwen3-vl,helmet,True,False
anuragraj03__frame00201_png.rf.aac99eb08f965b47bf3a4e6925999a27,qwen3-vl,gloves,False,False
anuragraj03__frame00201_png.rf.aac99eb08f965b47bf3a4e6925999a27,qwen3-vl,boots,True,False
anuragraj03__frame00201_png.rf.aac99eb08f965b47bf3a4e6925999a27,qwen3-vl,vest,False,False
anuragraj03__frame00201_png.rf.aac99eb08f965b47bf3a4e6925999a27,qwen3-vl,no-helmet,False,False
anuragraj03__frame00201_png.rf.aac99eb08f965b47bf3a4e6925999a27,qwen3-vl,no-gloves,False,False
anuragraj03__frame00201_png.rf.aac99eb08f965b47bf3a4e6925999a27,qwen3-vl,no-boots,False,False
anuragraj03__frame00201_png.rf.aac99eb08f965b47bf3a4e6925999a27,qwen3-vl,no-vest,False,False
anuragraj03__frame00201_png.rf.aac99eb08f965b47bf3a4e6925999a27,gemma4,person,True,False
anuragraj03__frame00201_png.rf.aac99eb08f965b47bf3a4e6925999a27,gemma4,helmet,True,False
anuragraj03__frame00201_png.rf.aac99eb08f965b47bf3a4e6925999a27,gemma4,gloves,True,False
anuragraj03__frame00201_png.rf.aac99eb08f965b47bf3a4e6925999a27,gemma4,boots,True,False
anuragraj03__frame00201_png.rf.aac99eb08f965b47bf3a4e6925999a27,gemma4,vest,True,False
anuragraj03__frame00201_png.rf.aac99eb08f965b47bf3a4e6925999a27,gemma4,no-helmet,False,False
anuragraj03__frame00201_png.rf.aac99eb08f965b47bf3a4e6925999a27,gemma4,no-gloves,False,False
anuragraj03__frame00201_png.rf.aac99eb08f965b47bf3a4e6925999a27,gemma4,no-boots,False,False
anuragraj03__frame00201_png.rf.aac99eb08f965b47bf3a4e6925999a27,gemma4,no-vest,False,False
anuragraj03__frame00201_png.rf.aac99eb08f965b47bf3a4e6925999a27,minicpm-v,person,True,False
anuragraj03__frame00201_png.rf.aac99eb08f965b47bf3a4e6925999a27,minicpm-v,helmet,True,False
anuragraj03__frame00201_png.rf.aac99eb08f965b47bf3a4e6925999a27,minicpm-v,gloves,False,False
anuragraj03__frame00201_png.rf.aac99eb08f965b47bf3a4e6925999a27,minicpm-v,boots,True,False
anuragraj03__frame00201_png.rf.aac99eb08f965b47bf3a4e6925999a27,minicpm-v,vest,False,False
anuragraj03__frame00201_png.rf.aac99eb08f965b47bf3a4e6925999a27,minicpm-v,no-helmet,False,False
anuragraj03__frame00201_png.rf.aac99eb08f965b47bf3a4e6925999a27,minicpm-v,no-gloves,True,False
anuragraj03__frame00201_png.rf.aac99eb08f965b47bf3a4e6925999a27,minicpm-v,no-boots,False,False
anuragraj03__frame00201_png.rf.aac99eb08f965b47bf3a4e6925999a27,minicpm-v,no-vest,False,False
anuragraj03__frame00241_png.rf.339ca8aada3aec4a8734c8567282fa82,yolo,person,False,False
anuragraj03__frame00241_png.rf.339ca8aada3aec4a8734c8567282fa82,yolo,helmet,True,False
anuragraj03__frame00241_png.rf.339ca8aada3aec4a8734c8567282fa82,yolo,gloves,True,False
anuragraj03__frame00241_png.rf.339ca8aada3aec4a8734c8567282fa82,yolo,boots,True,False
anuragraj03__frame00241_png.rf.339ca8aada3aec4a8734c8567282fa82,yolo,vest,False,False
anuragraj03__frame00241_png.rf.339ca8aada3aec4a8734c8567282fa82,yolo,no-helmet,False,False
anuragraj03__frame00241_png.rf.339ca8aada3aec4a8734c8567282fa82,yolo,no-gloves,False,False
anuragraj03__frame00241_png.rf.339ca8aada3aec4a8734c8567282fa82,yolo,no-boots,False,False
anuragraj03__frame00241_png.rf.339ca8aada3aec4a8734c8567282fa82,yolo,no-vest,False,False
anuragraj03__frame00241_png.rf.339ca8aada3aec4a8734c8567282fa82,ollama,person,True,False
anuragraj03__frame00241_png.rf.339ca8aada3aec4a8734c8567282fa82,ollama,helmet,True,False
anuragraj03__frame00241_png.rf.339ca8aada3aec4a8734c8567282fa82,ollama,gloves,False,False
anuragraj03__frame00241_png.rf.339ca8aada3aec4a8734c8567282fa82,ollama,boots,True,False
anuragraj03__frame00241_png.rf.339ca8aada3aec4a8734c8567282fa82,ollama,vest,True,False
anuragraj03__frame00241_png.rf.339ca8aada3aec4a8734c8567282fa82,ollama,no-helmet,True,False
anuragraj03__frame00241_png.rf.339ca8aada3aec4a8734c8567282fa82,ollama,no-gloves,False,False
anuragraj03__frame00241_png.rf.339ca8aada3aec4a8734c8567282fa82,ollama,no-boots,True,False
anuragraj03__frame00241_png.rf.339ca8aada3aec4a8734c8567282fa82,ollama,no-vest,True,False
anuragraj03__frame00241_png.rf.339ca8aada3aec4a8734c8567282fa82,qwen3-vl,person,True,False
anuragraj03__frame00241_png.rf.339ca8aada3aec4a8734c8567282fa82,qwen3-vl,helmet,False,False
anuragraj03__frame00241_png.rf.339ca8aada3aec4a8734c8567282fa82,qwen3-vl,gloves,False,False
anuragraj03__frame00241_png.rf.339ca8aada3aec4a8734c8567282fa82,qwen3-vl,boots,False,False
anuragraj03__frame00241_png.rf.339ca8aada3aec4a8734c8567282fa82,qwen3-vl,vest,False,False
anuragraj03__frame00241_png.rf.339ca8aada3aec4a8734c8567282fa82,qwen3-vl,no-helmet,True,False
anuragraj03__frame00241_png.rf.339ca8aada3aec4a8734c8567282fa82,qwen3-vl,no-gloves,True,False
anuragraj03__frame00241_png.rf.339ca8aada3aec4a8734c8567282fa82,qwen3-vl,no-boots,True,False
anuragraj03__frame00241_png.rf.339ca8aada3aec4a8734c8567282fa82,qwen3-vl,no-vest,True,False
anuragraj03__frame00241_png.rf.339ca8aada3aec4a8734c8567282fa82,gemma4,person,True,False
anuragraj03__frame00241_png.rf.339ca8aada3aec4a8734c8567282fa82,gemma4,helmet,False,False
anuragraj03__frame00241_png.rf.339ca8aada3aec4a8734c8567282fa82,gemma4,gloves,False,False
anuragraj03__frame00241_png.rf.339ca8aada3aec4a8734c8567282fa82,gemma4,boots,False,False
anuragraj03__frame00241_png.rf.339ca8aada3aec4a8734c8567282fa82,gemma4,vest,False,False
anuragraj03__frame00241_png.rf.339ca8aada3aec4a8734c8567282fa82,gemma4,no-helmet,True,False
anuragraj03__frame00241_png.rf.339ca8aada3aec4a8734c8567282fa82,gemma4,no-gloves,True,False
anuragraj03__frame00241_png.rf.339ca8aada3aec4a8734c8567282fa82,gemma4,no-boots,True,False
anuragraj03__frame00241_png.rf.339ca8aada3aec4a8734c8567282fa82,gemma4,no-vest,False,False
anuragraj03__frame00241_png.rf.339ca8aada3aec4a8734c8567282fa82,minicpm-v,person,True,False
anuragraj03__frame00241_png.rf.339ca8aada3aec4a8734c8567282fa82,minicpm-v,helmet,True,False
anuragraj03__frame00241_png.rf.339ca8aada3aec4a8734c8567282fa82,minicpm-v,gloves,True,False
anuragraj03__frame00241_png.rf.339ca8aada3aec4a8734c8567282fa82,minicpm-v,boots,True,False
anuragraj03__frame00241_png.rf.339ca8aada3aec4a8734c8567282fa82,minicpm-v,vest,True,False
anuragraj03__frame00241_png.rf.339ca8aada3aec4a8734c8567282fa82,minicpm-v,no-helmet,False,False
anuragraj03__frame00241_png.rf.339ca8aada3aec4a8734c8567282fa82,minicpm-v,no-gloves,False,False
anuragraj03__frame00241_png.rf.339ca8aada3aec4a8734c8567282fa82,minicpm-v,no-boots,False,False
anuragraj03__frame00241_png.rf.339ca8aada3aec4a8734c8567282fa82,minicpm-v,no-vest,False,False
anuragraj03__frame00281_png.rf.5ad3ea5aa3d13b16c25137ed015da273,yolo,person,False,False
anuragraj03__frame00281_png.rf.5ad3ea5aa3d13b16c25137ed015da273,yolo,helmet,True,False
anuragraj03__frame00281_png.rf.5ad3ea5aa3d13b16c25137ed015da273,yolo,gloves,True,False
anuragraj03__frame00281_png.rf.5ad3ea5aa3d13b16c25137ed015da273,yolo,boots,True,False
anuragraj03__frame00281_png.rf.5ad3ea5aa3d13b16c25137ed015da273,yolo,vest,False,False
anuragraj03__frame00281_png.rf.5ad3ea5aa3d13b16c25137ed015da273,yolo,no-helmet,False,False
anuragraj03__frame00281_png.rf.5ad3ea5aa3d13b16c25137ed015da273,yolo,no-gloves,False,False
anuragraj03__frame00281_png.rf.5ad3ea5aa3d13b16c25137ed015da273,yolo,no-boots,False,False
anuragraj03__frame00281_png.rf.5ad3ea5aa3d13b16c25137ed015da273,yolo,no-vest,False,False
anuragraj03__frame00281_png.rf.5ad3ea5aa3d13b16c25137ed015da273,ollama,person,True,False
anuragraj03__frame00281_png.rf.5ad3ea5aa3d13b16c25137ed015da273,ollama,helmet,True,False
anuragraj03__frame00281_png.rf.5ad3ea5aa3d13b16c25137ed015da273,ollama,gloves,True,False
anuragraj03__frame00281_png.rf.5ad3ea5aa3d13b16c25137ed015da273,ollama,boots,True,False
anuragraj03__frame00281_png.rf.5ad3ea5aa3d13b16c25137ed015da273,ollama,vest,True,False
anuragraj03__frame00281_png.rf.5ad3ea5aa3d13b16c25137ed015da273,ollama,no-helmet,False,False
anuragraj03__frame00281_png.rf.5ad3ea5aa3d13b16c25137ed015da273,ollama,no-gloves,False,False
anuragraj03__frame00281_png.rf.5ad3ea5aa3d13b16c25137ed015da273,ollama,no-boots,False,False
anuragraj03__frame00281_png.rf.5ad3ea5aa3d13b16c25137ed015da273,ollama,no-vest,False,False
anuragraj03__frame00281_png.rf.5ad3ea5aa3d13b16c25137ed015da273,qwen3-vl,person,True,False
anuragraj03__frame00281_png.rf.5ad3ea5aa3d13b16c25137ed015da273,qwen3-vl,helmet,True,False
anuragraj03__frame00281_png.rf.5ad3ea5aa3d13b16c25137ed015da273,qwen3-vl,gloves,False,False
anuragraj03__frame00281_png.rf.5ad3ea5aa3d13b16c25137ed015da273,qwen3-vl,boots,True,False
anuragraj03__frame00281_png.rf.5ad3ea5aa3d13b16c25137ed015da273,qwen3-vl,vest,False,False
anuragraj03__frame00281_png.rf.5ad3ea5aa3d13b16c25137ed015da273,qwen3-vl,no-helmet,False,False
anuragraj03__frame00281_png.rf.5ad3ea5aa3d13b16c25137ed015da273,qwen3-vl,no-gloves,False,False
anuragraj03__frame00281_png.rf.5ad3ea5aa3d13b16c25137ed015da273,qwen3-vl,no-boots,False,False
anuragraj03__frame00281_png.rf.5ad3ea5aa3d13b16c25137ed015da273,qwen3-vl,no-vest,False,False
anuragraj03__frame00281_png.rf.5ad3ea5aa3d13b16c25137ed015da273,gemma4,person,True,False
anuragraj03__frame00281_png.rf.5ad3ea5aa3d13b16c25137ed015da273,gemma4,helmet,True,False
anuragraj03__frame00281_png.rf.5ad3ea5aa3d13b16c25137ed015da273,gemma4,gloves,True,False
anuragraj03__frame00281_png.rf.5ad3ea5aa3d13b16c25137ed015da273,gemma4,boots,True,False
anuragraj03__frame00281_png.rf.5ad3ea5aa3d13b16c25137ed015da273,gemma4,vest,True,False
anuragraj03__frame00281_png.rf.5ad3ea5aa3d13b16c25137ed015da273,gemma4,no-helmet,False,False
anuragraj03__frame00281_png.rf.5ad3ea5aa3d13b16c25137ed015da273,gemma4,no-gloves,False,False
anuragraj03__frame00281_png.rf.5ad3ea5aa3d13b16c25137ed015da273,gemma4,no-boots,False,False
anuragraj03__frame00281_png.rf.5ad3ea5aa3d13b16c25137ed015da273,gemma4,no-vest,False,False
anuragraj03__frame00281_png.rf.5ad3ea5aa3d13b16c25137ed015da273,minicpm-v,person,True,False
anuragraj03__frame00281_png.rf.5ad3ea5aa3d13b16c25137ed015da273,minicpm-v,helmet,True,False
anuragraj03__frame00281_png.rf.5ad3ea5aa3d13b16c25137ed015da273,minicpm-v,gloves,True,False
anuragraj03__frame00281_png.rf.5ad3ea5aa3d13b16c25137ed015da273,minicpm-v,boots,True,False
anuragraj03__frame00281_png.rf.5ad3ea5aa3d13b16c25137ed015da273,minicpm-v,vest,True,False
anuragraj03__frame00281_png.rf.5ad3ea5aa3d13b16c25137ed015da273,minicpm-v,no-helmet,False,False
anuragraj03__frame00281_png.rf.5ad3ea5aa3d13b16c25137ed015da273,minicpm-v,no-gloves,False,False
anuragraj03__frame00281_png.rf.5ad3ea5aa3d13b16c25137ed015da273,minicpm-v,no-boots,False,False
anuragraj03__frame00281_png.rf.5ad3ea5aa3d13b16c25137ed015da273,minicpm-v,no-vest,False,False
anuragraj03__frame00341_png.rf.245ece433cfcb149a31c1fcf649d5972,yolo,person,False,False
anuragraj03__frame00341_png.rf.245ece433cfcb149a31c1fcf649d5972,yolo,helmet,True,False
anuragraj03__frame00341_png.rf.245ece433cfcb149a31c1fcf649d5972,yolo,gloves,True,False
anuragraj03__frame00341_png.rf.245ece433cfcb149a31c1fcf649d5972,yolo,boots,True,False
anuragraj03__frame00341_png.rf.245ece433cfcb149a31c1fcf649d5972,yolo,vest,False,False
anuragraj03__frame00341_png.rf.245ece433cfcb149a31c1fcf649d5972,yolo,no-helmet,False,False
anuragraj03__frame00341_png.rf.245ece433cfcb149a31c1fcf649d5972,yolo,no-gloves,False,False
anuragraj03__frame00341_png.rf.245ece433cfcb149a31c1fcf649d5972,yolo,no-boots,False,False
anuragraj03__frame00341_png.rf.245ece433cfcb149a31c1fcf649d5972,yolo,no-vest,False,False
anuragraj03__frame00341_png.rf.245ece433cfcb149a31c1fcf649d5972,ollama,person,True,False
anuragraj03__frame00341_png.rf.245ece433cfcb149a31c1fcf649d5972,ollama,helmet,True,False
anuragraj03__frame00341_png.rf.245ece433cfcb149a31c1fcf649d5972,ollama,gloves,True,False
anuragraj03__frame00341_png.rf.245ece433cfcb149a31c1fcf649d5972,ollama,boots,True,False
anuragraj03__frame00341_png.rf.245ece433cfcb149a31c1fcf649d5972,ollama,vest,True,False
anuragraj03__frame00341_png.rf.245ece433cfcb149a31c1fcf649d5972,ollama,no-helmet,False,False
anuragraj03__frame00341_png.rf.245ece433cfcb149a31c1fcf649d5972,ollama,no-gloves,False,False
anuragraj03__frame00341_png.rf.245ece433cfcb149a31c1fcf649d5972,ollama,no-boots,False,False
anuragraj03__frame00341_png.rf.245ece433cfcb149a31c1fcf649d5972,ollama,no-vest,False,False
anuragraj03__frame00341_png.rf.245ece433cfcb149a31c1fcf649d5972,qwen3-vl,person,True,False
anuragraj03__frame00341_png.rf.245ece433cfcb149a31c1fcf649d5972,qwen3-vl,helmet,True,False
anuragraj03__frame00341_png.rf.245ece433cfcb149a31c1fcf649d5972,qwen3-vl,gloves,True,False
anuragraj03__frame00341_png.rf.245ece433cfcb149a31c1fcf649d5972,qwen3-vl,boots,True,False
anuragraj03__frame00341_png.rf.245ece433cfcb149a31c1fcf649d5972,qwen3-vl,vest,False,False
anuragraj03__frame00341_png.rf.245ece433cfcb149a31c1fcf649d5972,qwen3-vl,no-helmet,False,False
anuragraj03__frame00341_png.rf.245ece433cfcb149a31c1fcf649d5972,qwen3-vl,no-gloves,False,False
anuragraj03__frame00341_png.rf.245ece433cfcb149a31c1fcf649d5972,qwen3-vl,no-boots,False,False
anuragraj03__frame00341_png.rf.245ece433cfcb149a31c1fcf649d5972,qwen3-vl,no-vest,False,False
anuragraj03__frame00341_png.rf.245ece433cfcb149a31c1fcf649d5972,gemma4,person,True,False
anuragraj03__frame00341_png.rf.245ece433cfcb149a31c1fcf649d5972,gemma4,helmet,True,False
anuragraj03__frame00341_png.rf.245ece433cfcb149a31c1fcf649d5972,gemma4,gloves,False,False
anuragraj03__frame00341_png.rf.245ece433cfcb149a31c1fcf649d5972,gemma4,boots,True,False
anuragraj03__frame00341_png.rf.245ece433cfcb149a31c1fcf649d5972,gemma4,vest,True,False
anuragraj03__frame00341_png.rf.245ece433cfcb149a31c1fcf649d5972,gemma4,no-helmet,False,False
anuragraj03__frame00341_png.rf.245ece433cfcb149a31c1fcf649d5972,gemma4,no-gloves,True,False
anuragraj03__frame00341_png.rf.245ece433cfcb149a31c1fcf649d5972,gemma4,no-boots,False,False
anuragraj03__frame00341_png.rf.245ece433cfcb149a31c1fcf649d5972,gemma4,no-vest,False,False
anuragraj03__frame00341_png.rf.245ece433cfcb149a31c1fcf649d5972,minicpm-v,person,True,False
anuragraj03__frame00341_png.rf.245ece433cfcb149a31c1fcf649d5972,minicpm-v,helmet,True,False
anuragraj03__frame00341_png.rf.245ece433cfcb149a31c1fcf649d5972,minicpm-v,gloves,False,False
anuragraj03__frame00341_png.rf.245ece433cfcb149a31c1fcf649d5972,minicpm-v,boots,True,False
anuragraj03__frame00341_png.rf.245ece433cfcb149a31c1fcf649d5972,minicpm-v,vest,True,False
anuragraj03__frame00341_png.rf.245ece433cfcb149a31c1fcf649d5972,minicpm-v,no-helmet,False,False
anuragraj03__frame00341_png.rf.245ece433cfcb149a31c1fcf649d5972,minicpm-v,no-gloves,True,False
anuragraj03__frame00341_png.rf.245ece433cfcb149a31c1fcf649d5972,minicpm-v,no-boots,False,False
anuragraj03__frame00341_png.rf.245ece433cfcb149a31c1fcf649d5972,minicpm-v,no-vest,False,False
anuragraj03__frame1364_jpg.rf.b1f3f9c23e4d85340bd0e0275f4027a4,yolo,person,False,False
anuragraj03__frame1364_jpg.rf.b1f3f9c23e4d85340bd0e0275f4027a4,yolo,helmet,False,False
anuragraj03__frame1364_jpg.rf.b1f3f9c23e4d85340bd0e0275f4027a4,yolo,gloves,False,False
anuragraj03__frame1364_jpg.rf.b1f3f9c23e4d85340bd0e0275f4027a4,yolo,boots,True,False
anuragraj03__frame1364_jpg.rf.b1f3f9c23e4d85340bd0e0275f4027a4,yolo,vest,False,False
anuragraj03__frame1364_jpg.rf.b1f3f9c23e4d85340bd0e0275f4027a4,yolo,no-helmet,False,False
anuragraj03__frame1364_jpg.rf.b1f3f9c23e4d85340bd0e0275f4027a4,yolo,no-gloves,False,False
anuragraj03__frame1364_jpg.rf.b1f3f9c23e4d85340bd0e0275f4027a4,yolo,no-boots,True,False
anuragraj03__frame1364_jpg.rf.b1f3f9c23e4d85340bd0e0275f4027a4,yolo,no-vest,False,False
anuragraj03__frame1364_jpg.rf.b1f3f9c23e4d85340bd0e0275f4027a4,ollama,person,True,False
anuragraj03__frame1364_jpg.rf.b1f3f9c23e4d85340bd0e0275f4027a4,ollama,helmet,False,False
anuragraj03__frame1364_jpg.rf.b1f3f9c23e4d85340bd0e0275f4027a4,ollama,gloves,False,False
anuragraj03__frame1364_jpg.rf.b1f3f9c23e4d85340bd0e0275f4027a4,ollama,boots,True,False
anuragraj03__frame1364_jpg.rf.b1f3f9c23e4d85340bd0e0275f4027a4,ollama,vest,True,False
anuragraj03__frame1364_jpg.rf.b1f3f9c23e4d85340bd0e0275f4027a4,ollama,no-helmet,False,False
anuragraj03__frame1364_jpg.rf.b1f3f9c23e4d85340bd0e0275f4027a4,ollama,no-gloves,True,False
anuragraj03__frame1364_jpg.rf.b1f3f9c23e4d85340bd0e0275f4027a4,ollama,no-boots,False,False
anuragraj03__frame1364_jpg.rf.b1f3f9c23e4d85340bd0e0275f4027a4,ollama,no-vest,False,False
anuragraj03__frame1364_jpg.rf.b1f3f9c23e4d85340bd0e0275f4027a4,qwen3-vl,person,True,False
anuragraj03__frame1364_jpg.rf.b1f3f9c23e4d85340bd0e0275f4027a4,qwen3-vl,helmet,False,False
anuragraj03__frame1364_jpg.rf.b1f3f9c23e4d85340bd0e0275f4027a4,qwen3-vl,gloves,False,False
anuragraj03__frame1364_jpg.rf.b1f3f9c23e4d85340bd0e0275f4027a4,qwen3-vl,boots,False,False
anuragraj03__frame1364_jpg.rf.b1f3f9c23e4d85340bd0e0275f4027a4,qwen3-vl,vest,False,False
anuragraj03__frame1364_jpg.rf.b1f3f9c23e4d85340bd0e0275f4027a4,qwen3-vl,no-helmet,True,False
anuragraj03__frame1364_jpg.rf.b1f3f9c23e4d85340bd0e0275f4027a4,qwen3-vl,no-gloves,True,False
anuragraj03__frame1364_jpg.rf.b1f3f9c23e4d85340bd0e0275f4027a4,qwen3-vl,no-boots,True,False
anuragraj03__frame1364_jpg.rf.b1f3f9c23e4d85340bd0e0275f4027a4,qwen3-vl,no-vest,True,False
anuragraj03__frame1364_jpg.rf.b1f3f9c23e4d85340bd0e0275f4027a4,gemma4,person,True,False
anuragraj03__frame1364_jpg.rf.b1f3f9c23e4d85340bd0e0275f4027a4,gemma4,helmet,False,False
anuragraj03__frame1364_jpg.rf.b1f3f9c23e4d85340bd0e0275f4027a4,gemma4,gloves,True,False
anuragraj03__frame1364_jpg.rf.b1f3f9c23e4d85340bd0e0275f4027a4,gemma4,boots,True,False
anuragraj03__frame1364_jpg.rf.b1f3f9c23e4d85340bd0e0275f4027a4,gemma4,vest,True,False
anuragraj03__frame1364_jpg.rf.b1f3f9c23e4d85340bd0e0275f4027a4,gemma4,no-helmet,False,False
anuragraj03__frame1364_jpg.rf.b1f3f9c23e4d85340bd0e0275f4027a4,gemma4,no-gloves,False,False
anuragraj03__frame1364_jpg.rf.b1f3f9c23e4d85340bd0e0275f4027a4,gemma4,no-boots,False,False
anuragraj03__frame1364_jpg.rf.b1f3f9c23e4d85340bd0e0275f4027a4,gemma4,no-vest,False,False
anuragraj03__frame1364_jpg.rf.b1f3f9c23e4d85340bd0e0275f4027a4,minicpm-v,person,True,False
anuragraj03__frame1364_jpg.rf.b1f3f9c23e4d85340bd0e0275f4027a4,minicpm-v,helmet,False,False
anuragraj03__frame1364_jpg.rf.b1f3f9c23e4d85340bd0e0275f4027a4,minicpm-v,gloves,True,False
anuragraj03__frame1364_jpg.rf.b1f3f9c23e4d85340bd0e0275f4027a4,minicpm-v,boots,True,False
anuragraj03__frame1364_jpg.rf.b1f3f9c23e4d85340bd0e0275f4027a4,minicpm-v,vest,False,False
anuragraj03__frame1364_jpg.rf.b1f3f9c23e4d85340bd0e0275f4027a4,minicpm-v,no-helmet,False,False
anuragraj03__frame1364_jpg.rf.b1f3f9c23e4d85340bd0e0275f4027a4,minicpm-v,no-gloves,False,False
anuragraj03__frame1364_jpg.rf.b1f3f9c23e4d85340bd0e0275f4027a4,minicpm-v,no-boots,False,False
anuragraj03__frame1364_jpg.rf.b1f3f9c23e4d85340bd0e0275f4027a4,minicpm-v,no-vest,True,False
anuragraj03__goggle876594_jpg.rf.7cdb8fa8021a9d08762783629f1b6181,yolo,person,False,False
anuragraj03__goggle876594_jpg.rf.7cdb8fa8021a9d08762783629f1b6181,yolo,helmet,False,False
anuragraj03__goggle876594_jpg.rf.7cdb8fa8021a9d08762783629f1b6181,yolo,gloves,True,False
anuragraj03__goggle876594_jpg.rf.7cdb8fa8021a9d08762783629f1b6181,yolo,boots,False,False
anuragraj03__goggle876594_jpg.rf.7cdb8fa8021a9d08762783629f1b6181,yolo,vest,False,False
anuragraj03__goggle876594_jpg.rf.7cdb8fa8021a9d08762783629f1b6181,yolo,no-helmet,False,False
anuragraj03__goggle876594_jpg.rf.7cdb8fa8021a9d08762783629f1b6181,yolo,no-gloves,True,False
anuragraj03__goggle876594_jpg.rf.7cdb8fa8021a9d08762783629f1b6181,yolo,no-boots,False,False
anuragraj03__goggle876594_jpg.rf.7cdb8fa8021a9d08762783629f1b6181,yolo,no-vest,False,False
anuragraj03__goggle876594_jpg.rf.7cdb8fa8021a9d08762783629f1b6181,ollama,person,True,False
anuragraj03__goggle876594_jpg.rf.7cdb8fa8021a9d08762783629f1b6181,ollama,helmet,True,False
anuragraj03__goggle876594_jpg.rf.7cdb8fa8021a9d08762783629f1b6181,ollama,gloves,True,False
anuragraj03__goggle876594_jpg.rf.7cdb8fa8021a9d08762783629f1b6181,ollama,boots,True,False
anuragraj03__goggle876594_jpg.rf.7cdb8fa8021a9d08762783629f1b6181,ollama,vest,True,False
anuragraj03__goggle876594_jpg.rf.7cdb8fa8021a9d08762783629f1b6181,ollama,no-helmet,False,False
anuragraj03__goggle876594_jpg.rf.7cdb8fa8021a9d08762783629f1b6181,ollama,no-gloves,False,False
anuragraj03__goggle876594_jpg.rf.7cdb8fa8021a9d08762783629f1b6181,ollama,no-boots,False,False
anuragraj03__goggle876594_jpg.rf.7cdb8fa8021a9d08762783629f1b6181,ollama,no-vest,False,False
anuragraj03__goggle876594_jpg.rf.7cdb8fa8021a9d08762783629f1b6181,qwen3-vl,person,True,False
anuragraj03__goggle876594_jpg.rf.7cdb8fa8021a9d08762783629f1b6181,qwen3-vl,helmet,True,False
anuragraj03__goggle876594_jpg.rf.7cdb8fa8021a9d08762783629f1b6181,qwen3-vl,gloves,True,False
anuragraj03__goggle876594_jpg.rf.7cdb8fa8021a9d08762783629f1b6181,qwen3-vl,boots,True,False
anuragraj03__goggle876594_jpg.rf.7cdb8fa8021a9d08762783629f1b6181,qwen3-vl,vest,True,False
anuragraj03__goggle876594_jpg.rf.7cdb8fa8021a9d08762783629f1b6181,qwen3-vl,no-helmet,False,False
anuragraj03__goggle876594_jpg.rf.7cdb8fa8021a9d08762783629f1b6181,qwen3-vl,no-gloves,False,False
anuragraj03__goggle876594_jpg.rf.7cdb8fa8021a9d08762783629f1b6181,qwen3-vl,no-boots,False,False
anuragraj03__goggle876594_jpg.rf.7cdb8fa8021a9d08762783629f1b6181,qwen3-vl,no-vest,False,False
anuragraj03__goggle876594_jpg.rf.7cdb8fa8021a9d08762783629f1b6181,gemma4,person,True,False
anuragraj03__goggle876594_jpg.rf.7cdb8fa8021a9d08762783629f1b6181,gemma4,helmet,False,False
anuragraj03__goggle876594_jpg.rf.7cdb8fa8021a9d08762783629f1b6181,gemma4,gloves,True,False
anuragraj03__goggle876594_jpg.rf.7cdb8fa8021a9d08762783629f1b6181,gemma4,boots,True,False
anuragraj03__goggle876594_jpg.rf.7cdb8fa8021a9d08762783629f1b6181,gemma4,vest,True,False
anuragraj03__goggle876594_jpg.rf.7cdb8fa8021a9d08762783629f1b6181,gemma4,no-helmet,True,False
anuragraj03__goggle876594_jpg.rf.7cdb8fa8021a9d08762783629f1b6181,gemma4,no-gloves,False,False
anuragraj03__goggle876594_jpg.rf.7cdb8fa8021a9d08762783629f1b6181,gemma4,no-boots,False,False
anuragraj03__goggle876594_jpg.rf.7cdb8fa8021a9d08762783629f1b6181,gemma4,no-vest,False,False
anuragraj03__goggle876594_jpg.rf.7cdb8fa8021a9d08762783629f1b6181,minicpm-v,person,True,False
anuragraj03__goggle876594_jpg.rf.7cdb8fa8021a9d08762783629f1b6181,minicpm-v,helmet,True,False
anuragraj03__goggle876594_jpg.rf.7cdb8fa8021a9d08762783629f1b6181,minicpm-v,gloves,True,False
anuragraj03__goggle876594_jpg.rf.7cdb8fa8021a9d08762783629f1b6181,minicpm-v,boots,True,False
anuragraj03__goggle876594_jpg.rf.7cdb8fa8021a9d08762783629f1b6181,minicpm-v,vest,False,False
anuragraj03__goggle876594_jpg.rf.7cdb8fa8021a9d08762783629f1b6181,minicpm-v,no-helmet,False,False
anuragraj03__goggle876594_jpg.rf.7cdb8fa8021a9d08762783629f1b6181,minicpm-v,no-gloves,False,False
anuragraj03__goggle876594_jpg.rf.7cdb8fa8021a9d08762783629f1b6181,minicpm-v,no-boots,False,False
anuragraj03__goggle876594_jpg.rf.7cdb8fa8021a9d08762783629f1b6181,minicpm-v,no-vest,True,False
anuragraj03__img67_jpg.rf.84f4441aea49b0f852b55f49ee4e3712,yolo,person,False,False
anuragraj03__img67_jpg.rf.84f4441aea49b0f852b55f49ee4e3712,yolo,helmet,False,False
anuragraj03__img67_jpg.rf.84f4441aea49b0f852b55f49ee4e3712,yolo,gloves,True,False
anuragraj03__img67_jpg.rf.84f4441aea49b0f852b55f49ee4e3712,yolo,boots,False,False
anuragraj03__img67_jpg.rf.84f4441aea49b0f852b55f49ee4e3712,yolo,vest,False,False
anuragraj03__img67_jpg.rf.84f4441aea49b0f852b55f49ee4e3712,yolo,no-helmet,False,False
anuragraj03__img67_jpg.rf.84f4441aea49b0f852b55f49ee4e3712,yolo,no-gloves,True,False
anuragraj03__img67_jpg.rf.84f4441aea49b0f852b55f49ee4e3712,yolo,no-boots,False,False
anuragraj03__img67_jpg.rf.84f4441aea49b0f852b55f49ee4e3712,yolo,no-vest,False,False
anuragraj03__img67_jpg.rf.84f4441aea49b0f852b55f49ee4e3712,ollama,person,True,False
anuragraj03__img67_jpg.rf.84f4441aea49b0f852b55f49ee4e3712,ollama,helmet,True,False
anuragraj03__img67_jpg.rf.84f4441aea49b0f852b55f49ee4e3712,ollama,gloves,True,False
anuragraj03__img67_jpg.rf.84f4441aea49b0f852b55f49ee4e3712,ollama,boots,True,False
anuragraj03__img67_jpg.rf.84f4441aea49b0f852b55f49ee4e3712,ollama,vest,True,False
anuragraj03__img67_jpg.rf.84f4441aea49b0f852b55f49ee4e3712,ollama,no-helmet,True,False
anuragraj03__img67_jpg.rf.84f4441aea49b0f852b55f49ee4e3712,ollama,no-gloves,False,False
anuragraj03__img67_jpg.rf.84f4441aea49b0f852b55f49ee4e3712,ollama,no-boots,False,False
anuragraj03__img67_jpg.rf.84f4441aea49b0f852b55f49ee4e3712,ollama,no-vest,False,False
anuragraj03__img67_jpg.rf.84f4441aea49b0f852b55f49ee4e3712,qwen3-vl,person,True,False
anuragraj03__img67_jpg.rf.84f4441aea49b0f852b55f49ee4e3712,qwen3-vl,helmet,False,False
anuragraj03__img67_jpg.rf.84f4441aea49b0f852b55f49ee4e3712,qwen3-vl,gloves,True,False
anuragraj03__img67_jpg.rf.84f4441aea49b0f852b55f49ee4e3712,qwen3-vl,boots,False,False
anuragraj03__img67_jpg.rf.84f4441aea49b0f852b55f49ee4e3712,qwen3-vl,vest,False,False
anuragraj03__img67_jpg.rf.84f4441aea49b0f852b55f49ee4e3712,qwen3-vl,no-helmet,False,False
anuragraj03__img67_jpg.rf.84f4441aea49b0f852b55f49ee4e3712,qwen3-vl,no-gloves,False,False
anuragraj03__img67_jpg.rf.84f4441aea49b0f852b55f49ee4e3712,qwen3-vl,no-boots,False,False
anuragraj03__img67_jpg.rf.84f4441aea49b0f852b55f49ee4e3712,qwen3-vl,no-vest,False,False
anuragraj03__img67_jpg.rf.84f4441aea49b0f852b55f49ee4e3712,gemma4,person,True,False
anuragraj03__img67_jpg.rf.84f4441aea49b0f852b55f49ee4e3712,gemma4,helmet,False,False
anuragraj03__img67_jpg.rf.84f4441aea49b0f852b55f49ee4e3712,gemma4,gloves,True,False
anuragraj03__img67_jpg.rf.84f4441aea49b0f852b55f49ee4e3712,gemma4,boots,True,False
anuragraj03__img67_jpg.rf.84f4441aea49b0f852b55f49ee4e3712,gemma4,vest,False,False
anuragraj03__img67_jpg.rf.84f4441aea49b0f852b55f49ee4e3712,gemma4,no-helmet,False,False
anuragraj03__img67_jpg.rf.84f4441aea49b0f852b55f49ee4e3712,gemma4,no-gloves,False,False
anuragraj03__img67_jpg.rf.84f4441aea49b0f852b55f49ee4e3712,gemma4,no-boots,False,False
anuragraj03__img67_jpg.rf.84f4441aea49b0f852b55f49ee4e3712,gemma4,no-vest,False,False
anuragraj03__img67_jpg.rf.84f4441aea49b0f852b55f49ee4e3712,minicpm-v,person,True,False
anuragraj03__img67_jpg.rf.84f4441aea49b0f852b55f49ee4e3712,minicpm-v,helmet,False,False
anuragraj03__img67_jpg.rf.84f4441aea49b0f852b55f49ee4e3712,minicpm-v,gloves,True,False
anuragraj03__img67_jpg.rf.84f4441aea49b0f852b55f49ee4e3712,minicpm-v,boots,False,False
anuragraj03__img67_jpg.rf.84f4441aea49b0f852b55f49ee4e3712,minicpm-v,vest,False,False
anuragraj03__img67_jpg.rf.84f4441aea49b0f852b55f49ee4e3712,minicpm-v,no-helmet,False,False
anuragraj03__img67_jpg.rf.84f4441aea49b0f852b55f49ee4e3712,minicpm-v,no-gloves,False,False
anuragraj03__img67_jpg.rf.84f4441aea49b0f852b55f49ee4e3712,minicpm-v,no-boots,True,False
anuragraj03__img67_jpg.rf.84f4441aea49b0f852b55f49ee4e3712,minicpm-v,no-vest,False,False
anuragraj03__p11333_jpg.rf.9aebb6a91b961b5c43f3ef1131f7df83,yolo,person,False,False
anuragraj03__p11333_jpg.rf.9aebb6a91b961b5c43f3ef1131f7df83,yolo,helmet,False,False
anuragraj03__p11333_jpg.rf.9aebb6a91b961b5c43f3ef1131f7df83,yolo,gloves,False,False
anuragraj03__p11333_jpg.rf.9aebb6a91b961b5c43f3ef1131f7df83,yolo,boots,False,False
anuragraj03__p11333_jpg.rf.9aebb6a91b961b5c43f3ef1131f7df83,yolo,vest,False,False
anuragraj03__p11333_jpg.rf.9aebb6a91b961b5c43f3ef1131f7df83,yolo,no-helmet,True,False
anuragraj03__p11333_jpg.rf.9aebb6a91b961b5c43f3ef1131f7df83,yolo,no-gloves,False,False
anuragraj03__p11333_jpg.rf.9aebb6a91b961b5c43f3ef1131f7df83,yolo,no-boots,False,False
anuragraj03__p11333_jpg.rf.9aebb6a91b961b5c43f3ef1131f7df83,yolo,no-vest,False,False
anuragraj03__p11333_jpg.rf.9aebb6a91b961b5c43f3ef1131f7df83,ollama,person,True,False
anuragraj03__p11333_jpg.rf.9aebb6a91b961b5c43f3ef1131f7df83,ollama,helmet,False,False
anuragraj03__p11333_jpg.rf.9aebb6a91b961b5c43f3ef1131f7df83,ollama,gloves,False,False
anuragraj03__p11333_jpg.rf.9aebb6a91b961b5c43f3ef1131f7df83,ollama,boots,False,False
anuragraj03__p11333_jpg.rf.9aebb6a91b961b5c43f3ef1131f7df83,ollama,vest,False,False
anuragraj03__p11333_jpg.rf.9aebb6a91b961b5c43f3ef1131f7df83,ollama,no-helmet,False,False
anuragraj03__p11333_jpg.rf.9aebb6a91b961b5c43f3ef1131f7df83,ollama,no-gloves,False,False
anuragraj03__p11333_jpg.rf.9aebb6a91b961b5c43f3ef1131f7df83,ollama,no-boots,False,False
anuragraj03__p11333_jpg.rf.9aebb6a91b961b5c43f3ef1131f7df83,ollama,no-vest,False,False
anuragraj03__p11333_jpg.rf.9aebb6a91b961b5c43f3ef1131f7df83,qwen3-vl,person,True,False
anuragraj03__p11333_jpg.rf.9aebb6a91b961b5c43f3ef1131f7df83,qwen3-vl,helmet,False,False
anuragraj03__p11333_jpg.rf.9aebb6a91b961b5c43f3ef1131f7df83,qwen3-vl,gloves,False,False
anuragraj03__p11333_jpg.rf.9aebb6a91b961b5c43f3ef1131f7df83,qwen3-vl,boots,False,False
anuragraj03__p11333_jpg.rf.9aebb6a91b961b5c43f3ef1131f7df83,qwen3-vl,vest,False,False
anuragraj03__p11333_jpg.rf.9aebb6a91b961b5c43f3ef1131f7df83,qwen3-vl,no-helmet,False,False
anuragraj03__p11333_jpg.rf.9aebb6a91b961b5c43f3ef1131f7df83,qwen3-vl,no-gloves,False,False
anuragraj03__p11333_jpg.rf.9aebb6a91b961b5c43f3ef1131f7df83,qwen3-vl,no-boots,False,False
anuragraj03__p11333_jpg.rf.9aebb6a91b961b5c43f3ef1131f7df83,qwen3-vl,no-vest,False,False
anuragraj03__p11333_jpg.rf.9aebb6a91b961b5c43f3ef1131f7df83,gemma4,person,True,False
anuragraj03__p11333_jpg.rf.9aebb6a91b961b5c43f3ef1131f7df83,gemma4,helmet,False,False
anuragraj03__p11333_jpg.rf.9aebb6a91b961b5c43f3ef1131f7df83,gemma4,gloves,False,False
anuragraj03__p11333_jpg.rf.9aebb6a91b961b5c43f3ef1131f7df83,gemma4,boots,True,False
anuragraj03__p11333_jpg.rf.9aebb6a91b961b5c43f3ef1131f7df83,gemma4,vest,False,False
anuragraj03__p11333_jpg.rf.9aebb6a91b961b5c43f3ef1131f7df83,gemma4,no-helmet,True,False
anuragraj03__p11333_jpg.rf.9aebb6a91b961b5c43f3ef1131f7df83,gemma4,no-gloves,True,False
anuragraj03__p11333_jpg.rf.9aebb6a91b961b5c43f3ef1131f7df83,gemma4,no-boots,False,False
anuragraj03__p11333_jpg.rf.9aebb6a91b961b5c43f3ef1131f7df83,gemma4,no-vest,True,False
anuragraj03__p11333_jpg.rf.9aebb6a91b961b5c43f3ef1131f7df83,minicpm-v,person,True,False
anuragraj03__p11333_jpg.rf.9aebb6a91b961b5c43f3ef1131f7df83,minicpm-v,helmet,False,False
anuragraj03__p11333_jpg.rf.9aebb6a91b961b5c43f3ef1131f7df83,minicpm-v,gloves,False,False
anuragraj03__p11333_jpg.rf.9aebb6a91b961b5c43f3ef1131f7df83,minicpm-v,boots,False,False
anuragraj03__p11333_jpg.rf.9aebb6a91b961b5c43f3ef1131f7df83,minicpm-v,vest,False,False
anuragraj03__p11333_jpg.rf.9aebb6a91b961b5c43f3ef1131f7df83,minicpm-v,no-helmet,True,False
anuragraj03__p11333_jpg.rf.9aebb6a91b961b5c43f3ef1131f7df83,minicpm-v,no-gloves,True,False
anuragraj03__p11333_jpg.rf.9aebb6a91b961b5c43f3ef1131f7df83,minicpm-v,no-boots,True,False
anuragraj03__p11333_jpg.rf.9aebb6a91b961b5c43f3ef1131f7df83,minicpm-v,no-vest,True,False
anuragraj03__p65213137_jpg.rf.4ecc082cbb321021146d7e2cd25bab2a,yolo,person,False,False
anuragraj03__p65213137_jpg.rf.4ecc082cbb321021146d7e2cd25bab2a,yolo,helmet,True,False
anuragraj03__p65213137_jpg.rf.4ecc082cbb321021146d7e2cd25bab2a,yolo,gloves,False,False
anuragraj03__p65213137_jpg.rf.4ecc082cbb321021146d7e2cd25bab2a,yolo,boots,False,False
anuragraj03__p65213137_jpg.rf.4ecc082cbb321021146d7e2cd25bab2a,yolo,vest,False,False
anuragraj03__p65213137_jpg.rf.4ecc082cbb321021146d7e2cd25bab2a,yolo,no-helmet,False,False
anuragraj03__p65213137_jpg.rf.4ecc082cbb321021146d7e2cd25bab2a,yolo,no-gloves,False,False
anuragraj03__p65213137_jpg.rf.4ecc082cbb321021146d7e2cd25bab2a,yolo,no-boots,False,False
anuragraj03__p65213137_jpg.rf.4ecc082cbb321021146d7e2cd25bab2a,yolo,no-vest,False,False
anuragraj03__p65213137_jpg.rf.4ecc082cbb321021146d7e2cd25bab2a,ollama,person,True,False
anuragraj03__p65213137_jpg.rf.4ecc082cbb321021146d7e2cd25bab2a,ollama,helmet,False,False
anuragraj03__p65213137_jpg.rf.4ecc082cbb321021146d7e2cd25bab2a,ollama,gloves,False,False
anuragraj03__p65213137_jpg.rf.4ecc082cbb321021146d7e2cd25bab2a,ollama,boots,False,False
anuragraj03__p65213137_jpg.rf.4ecc082cbb321021146d7e2cd25bab2a,ollama,vest,False,False
anuragraj03__p65213137_jpg.rf.4ecc082cbb321021146d7e2cd25bab2a,ollama,no-helmet,True,False
anuragraj03__p65213137_jpg.rf.4ecc082cbb321021146d7e2cd25bab2a,ollama,no-gloves,True,False
anuragraj03__p65213137_jpg.rf.4ecc082cbb321021146d7e2cd25bab2a,ollama,no-boots,True,False
anuragraj03__p65213137_jpg.rf.4ecc082cbb321021146d7e2cd25bab2a,ollama,no-vest,False,False
anuragraj03__p65213137_jpg.rf.4ecc082cbb321021146d7e2cd25bab2a,qwen3-vl,person,True,False
anuragraj03__p65213137_jpg.rf.4ecc082cbb321021146d7e2cd25bab2a,qwen3-vl,helmet,True,False
anuragraj03__p65213137_jpg.rf.4ecc082cbb321021146d7e2cd25bab2a,qwen3-vl,gloves,False,False
anuragraj03__p65213137_jpg.rf.4ecc082cbb321021146d7e2cd25bab2a,qwen3-vl,boots,True,False
anuragraj03__p65213137_jpg.rf.4ecc082cbb321021146d7e2cd25bab2a,qwen3-vl,vest,False,False
anuragraj03__p65213137_jpg.rf.4ecc082cbb321021146d7e2cd25bab2a,qwen3-vl,no-helmet,False,False
anuragraj03__p65213137_jpg.rf.4ecc082cbb321021146d7e2cd25bab2a,qwen3-vl,no-gloves,False,False
anuragraj03__p65213137_jpg.rf.4ecc082cbb321021146d7e2cd25bab2a,qwen3-vl,no-boots,False,False
anuragraj03__p65213137_jpg.rf.4ecc082cbb321021146d7e2cd25bab2a,qwen3-vl,no-vest,False,False
anuragraj03__p65213137_jpg.rf.4ecc082cbb321021146d7e2cd25bab2a,gemma4,person,True,False
anuragraj03__p65213137_jpg.rf.4ecc082cbb321021146d7e2cd25bab2a,gemma4,helmet,True,False
anuragraj03__p65213137_jpg.rf.4ecc082cbb321021146d7e2cd25bab2a,gemma4,gloves,False,False
anuragraj03__p65213137_jpg.rf.4ecc082cbb321021146d7e2cd25bab2a,gemma4,boots,True,False
anuragraj03__p65213137_jpg.rf.4ecc082cbb321021146d7e2cd25bab2a,gemma4,vest,False,False
anuragraj03__p65213137_jpg.rf.4ecc082cbb321021146d7e2cd25bab2a,gemma4,no-helmet,False,False
anuragraj03__p65213137_jpg.rf.4ecc082cbb321021146d7e2cd25bab2a,gemma4,no-gloves,True,False
anuragraj03__p65213137_jpg.rf.4ecc082cbb321021146d7e2cd25bab2a,gemma4,no-boots,False,False
anuragraj03__p65213137_jpg.rf.4ecc082cbb321021146d7e2cd25bab2a,gemma4,no-vest,True,False
anuragraj03__p65213137_jpg.rf.4ecc082cbb321021146d7e2cd25bab2a,minicpm-v,person,True,False
anuragraj03__p65213137_jpg.rf.4ecc082cbb321021146d7e2cd25bab2a,minicpm-v,helmet,True,False
anuragraj03__p65213137_jpg.rf.4ecc082cbb321021146d7e2cd25bab2a,minicpm-v,gloves,False,False
anuragraj03__p65213137_jpg.rf.4ecc082cbb321021146d7e2cd25bab2a,minicpm-v,boots,True,False
anuragraj03__p65213137_jpg.rf.4ecc082cbb321021146d7e2cd25bab2a,minicpm-v,vest,False,False
anuragraj03__p65213137_jpg.rf.4ecc082cbb321021146d7e2cd25bab2a,minicpm-v,no-helmet,False,False
anuragraj03__p65213137_jpg.rf.4ecc082cbb321021146d7e2cd25bab2a,minicpm-v,no-gloves,True,False
anuragraj03__p65213137_jpg.rf.4ecc082cbb321021146d7e2cd25bab2a,minicpm-v,no-boots,False,False
anuragraj03__p65213137_jpg.rf.4ecc082cbb321021146d7e2cd25bab2a,minicpm-v,no-vest,False,False
ketakichalke-boots__image309,yolo,person,True,False
ketakichalke-boots__image309,yolo,helmet,True,False
ketakichalke-boots__image309,yolo,gloves,False,False
ketakichalke-boots__image309,yolo,boots,False,False
ketakichalke-boots__image309,yolo,vest,True,False
ketakichalke-boots__image309,yolo,no-helmet,False,False
ketakichalke-boots__image309,yolo,no-gloves,False,False
ketakichalke-boots__image309,yolo,no-boots,False,False
ketakichalke-boots__image309,yolo,no-vest,False,False
ketakichalke-boots__image309,ollama,person,True,False
ketakichalke-boots__image309,ollama,helmet,True,False
ketakichalke-boots__image309,ollama,gloves,True,False
ketakichalke-boots__image309,ollama,boots,True,False
ketakichalke-boots__image309,ollama,vest,True,False
ketakichalke-boots__image309,ollama,no-helmet,True,False
ketakichalke-boots__image309,ollama,no-gloves,True,False
ketakichalke-boots__image309,ollama,no-boots,True,False
ketakichalke-boots__image309,ollama,no-vest,True,False
ketakichalke-boots__image309,qwen3-vl,person,True,False
ketakichalke-boots__image309,qwen3-vl,helmet,True,False
ketakichalke-boots__image309,qwen3-vl,gloves,True,False
ketakichalke-boots__image309,qwen3-vl,boots,True,False
ketakichalke-boots__image309,qwen3-vl,vest,True,False
ketakichalke-boots__image309,qwen3-vl,no-helmet,True,False
ketakichalke-boots__image309,qwen3-vl,no-gloves,True,False
ketakichalke-boots__image309,qwen3-vl,no-boots,True,False
ketakichalke-boots__image309,qwen3-vl,no-vest,True,False
ketakichalke-boots__image309,gemma4,person,True,False
ketakichalke-boots__image309,gemma4,helmet,True,False
ketakichalke-boots__image309,gemma4,gloves,True,False
ketakichalke-boots__image309,gemma4,boots,True,False
ketakichalke-boots__image309,gemma4,vest,True,False
ketakichalke-boots__image309,gemma4,no-helmet,True,False
ketakichalke-boots__image309,gemma4,no-gloves,False,False
ketakichalke-boots__image309,gemma4,no-boots,False,False
ketakichalke-boots__image309,gemma4,no-vest,False,False
ketakichalke-boots__image309,minicpm-v,person,True,False
ketakichalke-boots__image309,minicpm-v,helmet,True,False
ketakichalke-boots__image309,minicpm-v,gloves,True,False
ketakichalke-boots__image309,minicpm-v,boots,True,False
ketakichalke-boots__image309,minicpm-v,vest,False,False
ketakichalke-boots__image309,minicpm-v,no-helmet,False,False
ketakichalke-boots__image309,minicpm-v,no-gloves,False,False
ketakichalke-boots__image309,minicpm-v,no-boots,False,False
ketakichalke-boots__image309,minicpm-v,no-vest,True,False
ketakichalke-boots__image904,yolo,person,True,False
ketakichalke-boots__image904,yolo,helmet,True,False
ketakichalke-boots__image904,yolo,gloves,True,False
ketakichalke-boots__image904,yolo,boots,True,False
ketakichalke-boots__image904,yolo,vest,True,False
ketakichalke-boots__image904,yolo,no-helmet,False,False
ketakichalke-boots__image904,yolo,no-gloves,False,False
ketakichalke-boots__image904,yolo,no-boots,False,False
ketakichalke-boots__image904,yolo,no-vest,False,False
ketakichalke-boots__image904,ollama,person,True,False
ketakichalke-boots__image904,ollama,helmet,False,False
ketakichalke-boots__image904,ollama,gloves,False,False
ketakichalke-boots__image904,ollama,boots,False,False
ketakichalke-boots__image904,ollama,vest,True,False
ketakichalke-boots__image904,ollama,no-helmet,False,False
ketakichalke-boots__image904,ollama,no-gloves,False,False
ketakichalke-boots__image904,ollama,no-boots,False,False
ketakichalke-boots__image904,ollama,no-vest,False,False
ketakichalke-boots__image904,qwen3-vl,person,True,False
ketakichalke-boots__image904,qwen3-vl,helmet,True,False
ketakichalke-boots__image904,qwen3-vl,gloves,True,False
ketakichalke-boots__image904,qwen3-vl,boots,True,False
ketakichalke-boots__image904,qwen3-vl,vest,True,False
ketakichalke-boots__image904,qwen3-vl,no-helmet,False,False
ketakichalke-boots__image904,qwen3-vl,no-gloves,False,False
ketakichalke-boots__image904,qwen3-vl,no-boots,False,False
ketakichalke-boots__image904,qwen3-vl,no-vest,False,False
ketakichalke-boots__image904,gemma4,person,True,False
ketakichalke-boots__image904,gemma4,helmet,True,False
ketakichalke-boots__image904,gemma4,gloves,True,False
ketakichalke-boots__image904,gemma4,boots,True,False
ketakichalke-boots__image904,gemma4,vest,True,False
ketakichalke-boots__image904,gemma4,no-helmet,False,False
ketakichalke-boots__image904,gemma4,no-gloves,False,False
ketakichalke-boots__image904,gemma4,no-boots,False,False
ketakichalke-boots__image904,gemma4,no-vest,False,False
ketakichalke-boots__image904,minicpm-v,person,True,False
ketakichalke-boots__image904,minicpm-v,helmet,True,False
ketakichalke-boots__image904,minicpm-v,gloves,True,False
ketakichalke-boots__image904,minicpm-v,boots,True,False
ketakichalke-boots__image904,minicpm-v,vest,True,False
ketakichalke-boots__image904,minicpm-v,no-helmet,False,False
ketakichalke-boots__image904,minicpm-v,no-gloves,False,False
ketakichalke-boots__image904,minicpm-v,no-boots,False,False
ketakichalke-boots__image904,minicpm-v,no-vest,False,False
snehilsanyal-main__IMG_5024_mp4-4_jpg.rf.02dc33f0f0ffc6b8eab4a796f01b3e79,yolo,person,True,False
snehilsanyal-main__IMG_5024_mp4-4_jpg.rf.02dc33f0f0ffc6b8eab4a796f01b3e79,yolo,helmet,False,False
snehilsanyal-main__IMG_5024_mp4-4_jpg.rf.02dc33f0f0ffc6b8eab4a796f01b3e79,yolo,gloves,False,False
snehilsanyal-main__IMG_5024_mp4-4_jpg.rf.02dc33f0f0ffc6b8eab4a796f01b3e79,yolo,boots,False,False
snehilsanyal-main__IMG_5024_mp4-4_jpg.rf.02dc33f0f0ffc6b8eab4a796f01b3e79,yolo,vest,False,False
snehilsanyal-main__IMG_5024_mp4-4_jpg.rf.02dc33f0f0ffc6b8eab4a796f01b3e79,yolo,no-helmet,False,False
snehilsanyal-main__IMG_5024_mp4-4_jpg.rf.02dc33f0f0ffc6b8eab4a796f01b3e79,yolo,no-gloves,False,False
snehilsanyal-main__IMG_5024_mp4-4_jpg.rf.02dc33f0f0ffc6b8eab4a796f01b3e79,yolo,no-boots,False,False
snehilsanyal-main__IMG_5024_mp4-4_jpg.rf.02dc33f0f0ffc6b8eab4a796f01b3e79,yolo,no-vest,True,False
snehilsanyal-main__IMG_5024_mp4-4_jpg.rf.02dc33f0f0ffc6b8eab4a796f01b3e79,ollama,person,True,False
snehilsanyal-main__IMG_5024_mp4-4_jpg.rf.02dc33f0f0ffc6b8eab4a796f01b3e79,ollama,helmet,True,False
snehilsanyal-main__IMG_5024_mp4-4_jpg.rf.02dc33f0f0ffc6b8eab4a796f01b3e79,ollama,gloves,True,False
snehilsanyal-main__IMG_5024_mp4-4_jpg.rf.02dc33f0f0ffc6b8eab4a796f01b3e79,ollama,boots,True,False
snehilsanyal-main__IMG_5024_mp4-4_jpg.rf.02dc33f0f0ffc6b8eab4a796f01b3e79,ollama,vest,True,False
snehilsanyal-main__IMG_5024_mp4-4_jpg.rf.02dc33f0f0ffc6b8eab4a796f01b3e79,ollama,no-helmet,True,False
snehilsanyal-main__IMG_5024_mp4-4_jpg.rf.02dc33f0f0ffc6b8eab4a796f01b3e79,ollama,no-gloves,True,False
snehilsanyal-main__IMG_5024_mp4-4_jpg.rf.02dc33f0f0ffc6b8eab4a796f01b3e79,ollama,no-boots,True,False
snehilsanyal-main__IMG_5024_mp4-4_jpg.rf.02dc33f0f0ffc6b8eab4a796f01b3e79,ollama,no-vest,False,False
snehilsanyal-main__IMG_5024_mp4-4_jpg.rf.02dc33f0f0ffc6b8eab4a796f01b3e79,qwen3-vl,person,True,False
snehilsanyal-main__IMG_5024_mp4-4_jpg.rf.02dc33f0f0ffc6b8eab4a796f01b3e79,qwen3-vl,helmet,True,False
snehilsanyal-main__IMG_5024_mp4-4_jpg.rf.02dc33f0f0ffc6b8eab4a796f01b3e79,qwen3-vl,gloves,True,False
snehilsanyal-main__IMG_5024_mp4-4_jpg.rf.02dc33f0f0ffc6b8eab4a796f01b3e79,qwen3-vl,boots,True,False
snehilsanyal-main__IMG_5024_mp4-4_jpg.rf.02dc33f0f0ffc6b8eab4a796f01b3e79,qwen3-vl,vest,True,False
snehilsanyal-main__IMG_5024_mp4-4_jpg.rf.02dc33f0f0ffc6b8eab4a796f01b3e79,qwen3-vl,no-helmet,True,False
snehilsanyal-main__IMG_5024_mp4-4_jpg.rf.02dc33f0f0ffc6b8eab4a796f01b3e79,qwen3-vl,no-gloves,True,False
snehilsanyal-main__IMG_5024_mp4-4_jpg.rf.02dc33f0f0ffc6b8eab4a796f01b3e79,qwen3-vl,no-boots,True,False
snehilsanyal-main__IMG_5024_mp4-4_jpg.rf.02dc33f0f0ffc6b8eab4a796f01b3e79,qwen3-vl,no-vest,True,False
snehilsanyal-main__IMG_5024_mp4-4_jpg.rf.02dc33f0f0ffc6b8eab4a796f01b3e79,gemma4,person,True,False
snehilsanyal-main__IMG_5024_mp4-4_jpg.rf.02dc33f0f0ffc6b8eab4a796f01b3e79,gemma4,helmet,True,False
snehilsanyal-main__IMG_5024_mp4-4_jpg.rf.02dc33f0f0ffc6b8eab4a796f01b3e79,gemma4,gloves,False,False
snehilsanyal-main__IMG_5024_mp4-4_jpg.rf.02dc33f0f0ffc6b8eab4a796f01b3e79,gemma4,boots,True,False
snehilsanyal-main__IMG_5024_mp4-4_jpg.rf.02dc33f0f0ffc6b8eab4a796f01b3e79,gemma4,vest,False,False
snehilsanyal-main__IMG_5024_mp4-4_jpg.rf.02dc33f0f0ffc6b8eab4a796f01b3e79,gemma4,no-helmet,False,False
snehilsanyal-main__IMG_5024_mp4-4_jpg.rf.02dc33f0f0ffc6b8eab4a796f01b3e79,gemma4,no-gloves,True,False
snehilsanyal-main__IMG_5024_mp4-4_jpg.rf.02dc33f0f0ffc6b8eab4a796f01b3e79,gemma4,no-boots,False,False
snehilsanyal-main__IMG_5024_mp4-4_jpg.rf.02dc33f0f0ffc6b8eab4a796f01b3e79,gemma4,no-vest,True,False
snehilsanyal-main__IMG_5024_mp4-4_jpg.rf.02dc33f0f0ffc6b8eab4a796f01b3e79,minicpm-v,person,False,False
snehilsanyal-main__IMG_5024_mp4-4_jpg.rf.02dc33f0f0ffc6b8eab4a796f01b3e79,minicpm-v,helmet,False,False
snehilsanyal-main__IMG_5024_mp4-4_jpg.rf.02dc33f0f0ffc6b8eab4a796f01b3e79,minicpm-v,gloves,False,False
snehilsanyal-main__IMG_5024_mp4-4_jpg.rf.02dc33f0f0ffc6b8eab4a796f01b3e79,minicpm-v,boots,True,False
snehilsanyal-main__IMG_5024_mp4-4_jpg.rf.02dc33f0f0ffc6b8eab4a796f01b3e79,minicpm-v,vest,False,False
snehilsanyal-main__IMG_5024_mp4-4_jpg.rf.02dc33f0f0ffc6b8eab4a796f01b3e79,minicpm-v,no-helmet,False,False
snehilsanyal-main__IMG_5024_mp4-4_jpg.rf.02dc33f0f0ffc6b8eab4a796f01b3e79,minicpm-v,no-gloves,False,False
snehilsanyal-main__IMG_5024_mp4-4_jpg.rf.02dc33f0f0ffc6b8eab4a796f01b3e79,minicpm-v,no-boots,False,False
snehilsanyal-main__IMG_5024_mp4-4_jpg.rf.02dc33f0f0ffc6b8eab4a796f01b3e79,minicpm-v,no-vest,False,False
snehilsanyal-main__autox6_mp4-80_jpg.rf.44eee52828ea57aaaac102dfbcc55e45,yolo,person,True,False
snehilsanyal-main__autox6_mp4-80_jpg.rf.44eee52828ea57aaaac102dfbcc55e45,yolo,helmet,False,False
snehilsanyal-main__autox6_mp4-80_jpg.rf.44eee52828ea57aaaac102dfbcc55e45,yolo,gloves,False,False
snehilsanyal-main__autox6_mp4-80_jpg.rf.44eee52828ea57aaaac102dfbcc55e45,yolo,boots,False,False
snehilsanyal-main__autox6_mp4-80_jpg.rf.44eee52828ea57aaaac102dfbcc55e45,yolo,vest,False,False
snehilsanyal-main__autox6_mp4-80_jpg.rf.44eee52828ea57aaaac102dfbcc55e45,yolo,no-helmet,True,False
snehilsanyal-main__autox6_mp4-80_jpg.rf.44eee52828ea57aaaac102dfbcc55e45,yolo,no-gloves,False,False
snehilsanyal-main__autox6_mp4-80_jpg.rf.44eee52828ea57aaaac102dfbcc55e45,yolo,no-boots,False,False
snehilsanyal-main__autox6_mp4-80_jpg.rf.44eee52828ea57aaaac102dfbcc55e45,yolo,no-vest,False,False
snehilsanyal-main__autox6_mp4-80_jpg.rf.44eee52828ea57aaaac102dfbcc55e45,ollama,person,True,False
snehilsanyal-main__autox6_mp4-80_jpg.rf.44eee52828ea57aaaac102dfbcc55e45,ollama,helmet,True,False
snehilsanyal-main__autox6_mp4-80_jpg.rf.44eee52828ea57aaaac102dfbcc55e45,ollama,gloves,False,False
snehilsanyal-main__autox6_mp4-80_jpg.rf.44eee52828ea57aaaac102dfbcc55e45,ollama,boots,False,False
snehilsanyal-main__autox6_mp4-80_jpg.rf.44eee52828ea57aaaac102dfbcc55e45,ollama,vest,False,False
snehilsanyal-main__autox6_mp4-80_jpg.rf.44eee52828ea57aaaac102dfbcc55e45,ollama,no-helmet,False,False
snehilsanyal-main__autox6_mp4-80_jpg.rf.44eee52828ea57aaaac102dfbcc55e45,ollama,no-gloves,True,False
snehilsanyal-main__autox6_mp4-80_jpg.rf.44eee52828ea57aaaac102dfbcc55e45,ollama,no-boots,True,False
snehilsanyal-main__autox6_mp4-80_jpg.rf.44eee52828ea57aaaac102dfbcc55e45,ollama,no-vest,True,False
snehilsanyal-main__autox6_mp4-80_jpg.rf.44eee52828ea57aaaac102dfbcc55e45,qwen3-vl,person,True,False
snehilsanyal-main__autox6_mp4-80_jpg.rf.44eee52828ea57aaaac102dfbcc55e45,qwen3-vl,helmet,False,False
snehilsanyal-main__autox6_mp4-80_jpg.rf.44eee52828ea57aaaac102dfbcc55e45,qwen3-vl,gloves,False,False
snehilsanyal-main__autox6_mp4-80_jpg.rf.44eee52828ea57aaaac102dfbcc55e45,qwen3-vl,boots,False,False
snehilsanyal-main__autox6_mp4-80_jpg.rf.44eee52828ea57aaaac102dfbcc55e45,qwen3-vl,vest,False,False
snehilsanyal-main__autox6_mp4-80_jpg.rf.44eee52828ea57aaaac102dfbcc55e45,qwen3-vl,no-helmet,True,False
snehilsanyal-main__autox6_mp4-80_jpg.rf.44eee52828ea57aaaac102dfbcc55e45,qwen3-vl,no-gloves,True,False
snehilsanyal-main__autox6_mp4-80_jpg.rf.44eee52828ea57aaaac102dfbcc55e45,qwen3-vl,no-boots,True,False
snehilsanyal-main__autox6_mp4-80_jpg.rf.44eee52828ea57aaaac102dfbcc55e45,qwen3-vl,no-vest,True,False
snehilsanyal-main__autox6_mp4-80_jpg.rf.44eee52828ea57aaaac102dfbcc55e45,gemma4,person,True,False
snehilsanyal-main__autox6_mp4-80_jpg.rf.44eee52828ea57aaaac102dfbcc55e45,gemma4,helmet,False,False
snehilsanyal-main__autox6_mp4-80_jpg.rf.44eee52828ea57aaaac102dfbcc55e45,gemma4,gloves,False,False
snehilsanyal-main__autox6_mp4-80_jpg.rf.44eee52828ea57aaaac102dfbcc55e45,gemma4,boots,False,False
snehilsanyal-main__autox6_mp4-80_jpg.rf.44eee52828ea57aaaac102dfbcc55e45,gemma4,vest,False,False
snehilsanyal-main__autox6_mp4-80_jpg.rf.44eee52828ea57aaaac102dfbcc55e45,gemma4,no-helmet,True,False
snehilsanyal-main__autox6_mp4-80_jpg.rf.44eee52828ea57aaaac102dfbcc55e45,gemma4,no-gloves,True,False
snehilsanyal-main__autox6_mp4-80_jpg.rf.44eee52828ea57aaaac102dfbcc55e45,gemma4,no-boots,True,False
snehilsanyal-main__autox6_mp4-80_jpg.rf.44eee52828ea57aaaac102dfbcc55e45,gemma4,no-vest,True,False
snehilsanyal-main__autox6_mp4-80_jpg.rf.44eee52828ea57aaaac102dfbcc55e45,minicpm-v,person,True,False
snehilsanyal-main__autox6_mp4-80_jpg.rf.44eee52828ea57aaaac102dfbcc55e45,minicpm-v,helmet,False,False
snehilsanyal-main__autox6_mp4-80_jpg.rf.44eee52828ea57aaaac102dfbcc55e45,minicpm-v,gloves,False,False
snehilsanyal-main__autox6_mp4-80_jpg.rf.44eee52828ea57aaaac102dfbcc55e45,minicpm-v,boots,True,False
snehilsanyal-main__autox6_mp4-80_jpg.rf.44eee52828ea57aaaac102dfbcc55e45,minicpm-v,vest,False,False
snehilsanyal-main__autox6_mp4-80_jpg.rf.44eee52828ea57aaaac102dfbcc55e45,minicpm-v,no-helmet,True,False
snehilsanyal-main__autox6_mp4-80_jpg.rf.44eee52828ea57aaaac102dfbcc55e45,minicpm-v,no-gloves,True,False
snehilsanyal-main__autox6_mp4-80_jpg.rf.44eee52828ea57aaaac102dfbcc55e45,minicpm-v,no-boots,False,False
snehilsanyal-main__autox6_mp4-80_jpg.rf.44eee52828ea57aaaac102dfbcc55e45,minicpm-v,no-vest,True,False
snehilsanyal-main__video_CDC-YOUTUBE_mp4-50_jpg.rf.4912d4cb665e1ab8243c28d9c3039ae8,yolo,person,True,False
snehilsanyal-main__video_CDC-YOUTUBE_mp4-50_jpg.rf.4912d4cb665e1ab8243c28d9c3039ae8,yolo,helmet,False,False
snehilsanyal-main__video_CDC-YOUTUBE_mp4-50_jpg.rf.4912d4cb665e1ab8243c28d9c3039ae8,yolo,gloves,False,False
snehilsanyal-main__video_CDC-YOUTUBE_mp4-50_jpg.rf.4912d4cb665e1ab8243c28d9c3039ae8,yolo,boots,False,False
snehilsanyal-main__video_CDC-YOUTUBE_mp4-50_jpg.rf.4912d4cb665e1ab8243c28d9c3039ae8,yolo,vest,False,False
snehilsanyal-main__video_CDC-YOUTUBE_mp4-50_jpg.rf.4912d4cb665e1ab8243c28d9c3039ae8,yolo,no-helmet,True,False
snehilsanyal-main__video_CDC-YOUTUBE_mp4-50_jpg.rf.4912d4cb665e1ab8243c28d9c3039ae8,yolo,no-gloves,False,False
snehilsanyal-main__video_CDC-YOUTUBE_mp4-50_jpg.rf.4912d4cb665e1ab8243c28d9c3039ae8,yolo,no-boots,False,False
snehilsanyal-main__video_CDC-YOUTUBE_mp4-50_jpg.rf.4912d4cb665e1ab8243c28d9c3039ae8,yolo,no-vest,True,False
snehilsanyal-main__video_CDC-YOUTUBE_mp4-50_jpg.rf.4912d4cb665e1ab8243c28d9c3039ae8,ollama,person,True,False
snehilsanyal-main__video_CDC-YOUTUBE_mp4-50_jpg.rf.4912d4cb665e1ab8243c28d9c3039ae8,ollama,helmet,True,False
snehilsanyal-main__video_CDC-YOUTUBE_mp4-50_jpg.rf.4912d4cb665e1ab8243c28d9c3039ae8,ollama,gloves,False,False
snehilsanyal-main__video_CDC-YOUTUBE_mp4-50_jpg.rf.4912d4cb665e1ab8243c28d9c3039ae8,ollama,boots,True,False
snehilsanyal-main__video_CDC-YOUTUBE_mp4-50_jpg.rf.4912d4cb665e1ab8243c28d9c3039ae8,ollama,vest,False,False
snehilsanyal-main__video_CDC-YOUTUBE_mp4-50_jpg.rf.4912d4cb665e1ab8243c28d9c3039ae8,ollama,no-helmet,True,False
snehilsanyal-main__video_CDC-YOUTUBE_mp4-50_jpg.rf.4912d4cb665e1ab8243c28d9c3039ae8,ollama,no-gloves,False,False
snehilsanyal-main__video_CDC-YOUTUBE_mp4-50_jpg.rf.4912d4cb665e1ab8243c28d9c3039ae8,ollama,no-boots,False,False
snehilsanyal-main__video_CDC-YOUTUBE_mp4-50_jpg.rf.4912d4cb665e1ab8243c28d9c3039ae8,ollama,no-vest,False,False
snehilsanyal-main__video_CDC-YOUTUBE_mp4-50_jpg.rf.4912d4cb665e1ab8243c28d9c3039ae8,qwen3-vl,person,True,False
snehilsanyal-main__video_CDC-YOUTUBE_mp4-50_jpg.rf.4912d4cb665e1ab8243c28d9c3039ae8,qwen3-vl,helmet,False,False
snehilsanyal-main__video_CDC-YOUTUBE_mp4-50_jpg.rf.4912d4cb665e1ab8243c28d9c3039ae8,qwen3-vl,gloves,False,False
snehilsanyal-main__video_CDC-YOUTUBE_mp4-50_jpg.rf.4912d4cb665e1ab8243c28d9c3039ae8,qwen3-vl,boots,False,False
snehilsanyal-main__video_CDC-YOUTUBE_mp4-50_jpg.rf.4912d4cb665e1ab8243c28d9c3039ae8,qwen3-vl,vest,False,False
snehilsanyal-main__video_CDC-YOUTUBE_mp4-50_jpg.rf.4912d4cb665e1ab8243c28d9c3039ae8,qwen3-vl,no-helmet,True,False
snehilsanyal-main__video_CDC-YOUTUBE_mp4-50_jpg.rf.4912d4cb665e1ab8243c28d9c3039ae8,qwen3-vl,no-gloves,True,False
snehilsanyal-main__video_CDC-YOUTUBE_mp4-50_jpg.rf.4912d4cb665e1ab8243c28d9c3039ae8,qwen3-vl,no-boots,True,False
snehilsanyal-main__video_CDC-YOUTUBE_mp4-50_jpg.rf.4912d4cb665e1ab8243c28d9c3039ae8,qwen3-vl,no-vest,True,False
snehilsanyal-main__video_CDC-YOUTUBE_mp4-50_jpg.rf.4912d4cb665e1ab8243c28d9c3039ae8,gemma4,person,True,False
snehilsanyal-main__video_CDC-YOUTUBE_mp4-50_jpg.rf.4912d4cb665e1ab8243c28d9c3039ae8,gemma4,helmet,False,False
snehilsanyal-main__video_CDC-YOUTUBE_mp4-50_jpg.rf.4912d4cb665e1ab8243c28d9c3039ae8,gemma4,gloves,False,False
snehilsanyal-main__video_CDC-YOUTUBE_mp4-50_jpg.rf.4912d4cb665e1ab8243c28d9c3039ae8,gemma4,boots,False,False
snehilsanyal-main__video_CDC-YOUTUBE_mp4-50_jpg.rf.4912d4cb665e1ab8243c28d9c3039ae8,gemma4,vest,False,False
snehilsanyal-main__video_CDC-YOUTUBE_mp4-50_jpg.rf.4912d4cb665e1ab8243c28d9c3039ae8,gemma4,no-helmet,True,False
snehilsanyal-main__video_CDC-YOUTUBE_mp4-50_jpg.rf.4912d4cb665e1ab8243c28d9c3039ae8,gemma4,no-gloves,True,False
snehilsanyal-main__video_CDC-YOUTUBE_mp4-50_jpg.rf.4912d4cb665e1ab8243c28d9c3039ae8,gemma4,no-boots,True,False
snehilsanyal-main__video_CDC-YOUTUBE_mp4-50_jpg.rf.4912d4cb665e1ab8243c28d9c3039ae8,gemma4,no-vest,True,False
snehilsanyal-main__video_CDC-YOUTUBE_mp4-50_jpg.rf.4912d4cb665e1ab8243c28d9c3039ae8,minicpm-v,person,True,False
snehilsanyal-main__video_CDC-YOUTUBE_mp4-50_jpg.rf.4912d4cb665e1ab8243c28d9c3039ae8,minicpm-v,helmet,False,False
snehilsanyal-main__video_CDC-YOUTUBE_mp4-50_jpg.rf.4912d4cb665e1ab8243c28d9c3039ae8,minicpm-v,gloves,False,False
snehilsanyal-main__video_CDC-YOUTUBE_mp4-50_jpg.rf.4912d4cb665e1ab8243c28d9c3039ae8,minicpm-v,boots,False,False
snehilsanyal-main__video_CDC-YOUTUBE_mp4-50_jpg.rf.4912d4cb665e1ab8243c28d9c3039ae8,minicpm-v,vest,False,False
snehilsanyal-main__video_CDC-YOUTUBE_mp4-50_jpg.rf.4912d4cb665e1ab8243c28d9c3039ae8,minicpm-v,no-helmet,True,False
snehilsanyal-main__video_CDC-YOUTUBE_mp4-50_jpg.rf.4912d4cb665e1ab8243c28d9c3039ae8,minicpm-v,no-gloves,True,False
snehilsanyal-main__video_CDC-YOUTUBE_mp4-50_jpg.rf.4912d4cb665e1ab8243c28d9c3039ae8,minicpm-v,no-boots,True,False
snehilsanyal-main__video_CDC-YOUTUBE_mp4-50_jpg.rf.4912d4cb665e1ab8243c28d9c3039ae8,minicpm-v,no-vest,True,False
snehilsanyal-main__youtube-480_jpg.rf.faf443d4d10cc97074f6a80225f0ac29,yolo,person,True,False
snehilsanyal-main__youtube-480_jpg.rf.faf443d4d10cc97074f6a80225f0ac29,yolo,helmet,True,False
snehilsanyal-main__youtube-480_jpg.rf.faf443d4d10cc97074f6a80225f0ac29,yolo,gloves,False,False
snehilsanyal-main__youtube-480_jpg.rf.faf443d4d10cc97074f6a80225f0ac29,yolo,boots,False,False
snehilsanyal-main__youtube-480_jpg.rf.faf443d4d10cc97074f6a80225f0ac29,yolo,vest,True,False
snehilsanyal-main__youtube-480_jpg.rf.faf443d4d10cc97074f6a80225f0ac29,yolo,no-helmet,False,False
snehilsanyal-main__youtube-480_jpg.rf.faf443d4d10cc97074f6a80225f0ac29,yolo,no-gloves,False,False
snehilsanyal-main__youtube-480_jpg.rf.faf443d4d10cc97074f6a80225f0ac29,yolo,no-boots,False,False
snehilsanyal-main__youtube-480_jpg.rf.faf443d4d10cc97074f6a80225f0ac29,yolo,no-vest,False,False
snehilsanyal-main__youtube-480_jpg.rf.faf443d4d10cc97074f6a80225f0ac29,ollama,person,True,False
snehilsanyal-main__youtube-480_jpg.rf.faf443d4d10cc97074f6a80225f0ac29,ollama,helmet,False,False
snehilsanyal-main__youtube-480_jpg.rf.faf443d4d10cc97074f6a80225f0ac29,ollama,gloves,True,False
snehilsanyal-main__youtube-480_jpg.rf.faf443d4d10cc97074f6a80225f0ac29,ollama,boots,True,False
snehilsanyal-main__youtube-480_jpg.rf.faf443d4d10cc97074f6a80225f0ac29,ollama,vest,False,False
snehilsanyal-main__youtube-480_jpg.rf.faf443d4d10cc97074f6a80225f0ac29,ollama,no-helmet,True,False
snehilsanyal-main__youtube-480_jpg.rf.faf443d4d10cc97074f6a80225f0ac29,ollama,no-gloves,False,False
snehilsanyal-main__youtube-480_jpg.rf.faf443d4d10cc97074f6a80225f0ac29,ollama,no-boots,False,False
snehilsanyal-main__youtube-480_jpg.rf.faf443d4d10cc97074f6a80225f0ac29,ollama,no-vest,True,False
snehilsanyal-main__youtube-480_jpg.rf.faf443d4d10cc97074f6a80225f0ac29,qwen3-vl,person,True,False
snehilsanyal-main__youtube-480_jpg.rf.faf443d4d10cc97074f6a80225f0ac29,qwen3-vl,helmet,True,False
snehilsanyal-main__youtube-480_jpg.rf.faf443d4d10cc97074f6a80225f0ac29,qwen3-vl,gloves,False,False
snehilsanyal-main__youtube-480_jpg.rf.faf443d4d10cc97074f6a80225f0ac29,qwen3-vl,boots,False,False
snehilsanyal-main__youtube-480_jpg.rf.faf443d4d10cc97074f6a80225f0ac29,qwen3-vl,vest,True,False
snehilsanyal-main__youtube-480_jpg.rf.faf443d4d10cc97074f6a80225f0ac29,qwen3-vl,no-helmet,False,False
snehilsanyal-main__youtube-480_jpg.rf.faf443d4d10cc97074f6a80225f0ac29,qwen3-vl,no-gloves,False,False
snehilsanyal-main__youtube-480_jpg.rf.faf443d4d10cc97074f6a80225f0ac29,qwen3-vl,no-boots,False,False
snehilsanyal-main__youtube-480_jpg.rf.faf443d4d10cc97074f6a80225f0ac29,qwen3-vl,no-vest,False,False
snehilsanyal-main__youtube-480_jpg.rf.faf443d4d10cc97074f6a80225f0ac29,gemma4,person,True,False
snehilsanyal-main__youtube-480_jpg.rf.faf443d4d10cc97074f6a80225f0ac29,gemma4,helmet,True,False
snehilsanyal-main__youtube-480_jpg.rf.faf443d4d10cc97074f6a80225f0ac29,gemma4,gloves,True,False
snehilsanyal-main__youtube-480_jpg.rf.faf443d4d10cc97074f6a80225f0ac29,gemma4,boots,True,False
snehilsanyal-main__youtube-480_jpg.rf.faf443d4d10cc97074f6a80225f0ac29,gemma4,vest,True,False
snehilsanyal-main__youtube-480_jpg.rf.faf443d4d10cc97074f6a80225f0ac29,gemma4,no-helmet,False,False
snehilsanyal-main__youtube-480_jpg.rf.faf443d4d10cc97074f6a80225f0ac29,gemma4,no-gloves,False,False
snehilsanyal-main__youtube-480_jpg.rf.faf443d4d10cc97074f6a80225f0ac29,gemma4,no-boots,False,False
snehilsanyal-main__youtube-480_jpg.rf.faf443d4d10cc97074f6a80225f0ac29,gemma4,no-vest,False,False
snehilsanyal-main__youtube-480_jpg.rf.faf443d4d10cc97074f6a80225f0ac29,minicpm-v,person,True,False
snehilsanyal-main__youtube-480_jpg.rf.faf443d4d10cc97074f6a80225f0ac29,minicpm-v,helmet,True,False
snehilsanyal-main__youtube-480_jpg.rf.faf443d4d10cc97074f6a80225f0ac29,minicpm-v,gloves,True,False
snehilsanyal-main__youtube-480_jpg.rf.faf443d4d10cc97074f6a80225f0ac29,minicpm-v,boots,True,False
snehilsanyal-main__youtube-480_jpg.rf.faf443d4d10cc97074f6a80225f0ac29,minicpm-v,vest,True,False
snehilsanyal-main__youtube-480_jpg.rf.faf443d4d10cc97074f6a80225f0ac29,minicpm-v,no-helmet,False,False
snehilsanyal-main__youtube-480_jpg.rf.faf443d4d10cc97074f6a80225f0ac29,minicpm-v,no-gloves,False,False
snehilsanyal-main__youtube-480_jpg.rf.faf443d4d10cc97074f6a80225f0ac29,minicpm-v,no-boots,False,False
snehilsanyal-main__youtube-480_jpg.rf.faf443d4d10cc97074f6a80225f0ac29,minicpm-v,no-vest,False,False
snehilsanyal-main__youtube-682_jpg.rf.1b6032eab51a0902f1d56ff7425c5f2a,yolo,person,True,False
snehilsanyal-main__youtube-682_jpg.rf.1b6032eab51a0902f1d56ff7425c5f2a,yolo,helmet,True,False
snehilsanyal-main__youtube-682_jpg.rf.1b6032eab51a0902f1d56ff7425c5f2a,yolo,gloves,False,False
snehilsanyal-main__youtube-682_jpg.rf.1b6032eab51a0902f1d56ff7425c5f2a,yolo,boots,False,False
snehilsanyal-main__youtube-682_jpg.rf.1b6032eab51a0902f1d56ff7425c5f2a,yolo,vest,True,False
snehilsanyal-main__youtube-682_jpg.rf.1b6032eab51a0902f1d56ff7425c5f2a,yolo,no-helmet,False,False
snehilsanyal-main__youtube-682_jpg.rf.1b6032eab51a0902f1d56ff7425c5f2a,yolo,no-gloves,False,False
snehilsanyal-main__youtube-682_jpg.rf.1b6032eab51a0902f1d56ff7425c5f2a,yolo,no-boots,False,False
snehilsanyal-main__youtube-682_jpg.rf.1b6032eab51a0902f1d56ff7425c5f2a,yolo,no-vest,False,False
snehilsanyal-main__youtube-682_jpg.rf.1b6032eab51a0902f1d56ff7425c5f2a,ollama,person,True,False
snehilsanyal-main__youtube-682_jpg.rf.1b6032eab51a0902f1d56ff7425c5f2a,ollama,helmet,True,False
snehilsanyal-main__youtube-682_jpg.rf.1b6032eab51a0902f1d56ff7425c5f2a,ollama,gloves,True,False
snehilsanyal-main__youtube-682_jpg.rf.1b6032eab51a0902f1d56ff7425c5f2a,ollama,boots,True,False
snehilsanyal-main__youtube-682_jpg.rf.1b6032eab51a0902f1d56ff7425c5f2a,ollama,vest,True,False
snehilsanyal-main__youtube-682_jpg.rf.1b6032eab51a0902f1d56ff7425c5f2a,ollama,no-helmet,True,False
snehilsanyal-main__youtube-682_jpg.rf.1b6032eab51a0902f1d56ff7425c5f2a,ollama,no-gloves,True,False
snehilsanyal-main__youtube-682_jpg.rf.1b6032eab51a0902f1d56ff7425c5f2a,ollama,no-boots,True,False
snehilsanyal-main__youtube-682_jpg.rf.1b6032eab51a0902f1d56ff7425c5f2a,ollama,no-vest,False,False
snehilsanyal-main__youtube-682_jpg.rf.1b6032eab51a0902f1d56ff7425c5f2a,qwen3-vl,person,True,False
snehilsanyal-main__youtube-682_jpg.rf.1b6032eab51a0902f1d56ff7425c5f2a,qwen3-vl,helmet,True,False
snehilsanyal-main__youtube-682_jpg.rf.1b6032eab51a0902f1d56ff7425c5f2a,qwen3-vl,gloves,True,False
snehilsanyal-main__youtube-682_jpg.rf.1b6032eab51a0902f1d56ff7425c5f2a,qwen3-vl,boots,True,False
snehilsanyal-main__youtube-682_jpg.rf.1b6032eab51a0902f1d56ff7425c5f2a,qwen3-vl,vest,True,False
snehilsanyal-main__youtube-682_jpg.rf.1b6032eab51a0902f1d56ff7425c5f2a,qwen3-vl,no-helmet,False,False
snehilsanyal-main__youtube-682_jpg.rf.1b6032eab51a0902f1d56ff7425c5f2a,qwen3-vl,no-gloves,False,False
snehilsanyal-main__youtube-682_jpg.rf.1b6032eab51a0902f1d56ff7425c5f2a,qwen3-vl,no-boots,False,False
snehilsanyal-main__youtube-682_jpg.rf.1b6032eab51a0902f1d56ff7425c5f2a,qwen3-vl,no-vest,False,False
snehilsanyal-main__youtube-682_jpg.rf.1b6032eab51a0902f1d56ff7425c5f2a,gemma4,person,True,False
snehilsanyal-main__youtube-682_jpg.rf.1b6032eab51a0902f1d56ff7425c5f2a,gemma4,helmet,True,False
snehilsanyal-main__youtube-682_jpg.rf.1b6032eab51a0902f1d56ff7425c5f2a,gemma4,gloves,True,False
snehilsanyal-main__youtube-682_jpg.rf.1b6032eab51a0902f1d56ff7425c5f2a,gemma4,boots,True,False
snehilsanyal-main__youtube-682_jpg.rf.1b6032eab51a0902f1d56ff7425c5f2a,gemma4,vest,True,False
snehilsanyal-main__youtube-682_jpg.rf.1b6032eab51a0902f1d56ff7425c5f2a,gemma4,no-helmet,False,False
snehilsanyal-main__youtube-682_jpg.rf.1b6032eab51a0902f1d56ff7425c5f2a,gemma4,no-gloves,False,False
snehilsanyal-main__youtube-682_jpg.rf.1b6032eab51a0902f1d56ff7425c5f2a,gemma4,no-boots,False,False
snehilsanyal-main__youtube-682_jpg.rf.1b6032eab51a0902f1d56ff7425c5f2a,gemma4,no-vest,False,False
snehilsanyal-main__youtube-682_jpg.rf.1b6032eab51a0902f1d56ff7425c5f2a,minicpm-v,person,True,False
snehilsanyal-main__youtube-682_jpg.rf.1b6032eab51a0902f1d56ff7425c5f2a,minicpm-v,helmet,True,False
snehilsanyal-main__youtube-682_jpg.rf.1b6032eab51a0902f1d56ff7425c5f2a,minicpm-v,gloves,True,False
snehilsanyal-main__youtube-682_jpg.rf.1b6032eab51a0902f1d56ff7425c5f2a,minicpm-v,boots,True,False
snehilsanyal-main__youtube-682_jpg.rf.1b6032eab51a0902f1d56ff7425c5f2a,minicpm-v,vest,True,False
snehilsanyal-main__youtube-682_jpg.rf.1b6032eab51a0902f1d56ff7425c5f2a,minicpm-v,no-helmet,False,False
snehilsanyal-main__youtube-682_jpg.rf.1b6032eab51a0902f1d56ff7425c5f2a,minicpm-v,no-gloves,False,False
snehilsanyal-main__youtube-682_jpg.rf.1b6032eab51a0902f1d56ff7425c5f2a,minicpm-v,no-boots,False,False
snehilsanyal-main__youtube-682_jpg.rf.1b6032eab51a0902f1d56ff7425c5f2a,minicpm-v,no-vest,False,False
