epoch,time,train/box_loss,train/cls_loss,train/l1_loss,metrics/precision(B),metrics/recall(B),metrics/mAP50(B),metrics/mAP50-95(B),val/box_loss,val/cls_loss,val/l1_loss,lr/pg0,lr/pg1,lr/pg2
1,32.5056,1.68981,5.08327,0.01206,0.00069,0.04802,0.0002,5e-05,1.66724,5.76478,0.01154,0.000208437,0.000208437,0.000208437
2,39.5345,1.62368,4.89071,0.01202,0.0006,0.03159,0.0001,4e-05,1.69554,5.72689,0.01195,0.000420109,0.000420109,0.000420109
3,44.6262,1.60337,4.64256,0.01201,0.02247,0.08643,0.02212,0.01489,1.68022,5.60186,0.01141,0.000620776,0.000620776,0.000620776
4,50.6056,1.61523,4.45322,0.01216,0.00717,0.13609,0.04555,0.02542,1.73617,5.34968,0.01185,0.000617475,0.000617475,0.000617475
5,57.1323,1.65266,4.19675,0.01336,0.94395,0.02235,0.04741,0.02469,1.77981,5.05757,0.01255,0.000600967,0.000600967,0.000600967
6,62.2569,1.65409,4.01862,0.01304,0.79025,0.04635,0.07752,0.03442,1.78438,4.84298,0.01296,0.000584459,0.000584459,0.000584459
7,69.2108,1.68786,3.71964,0.01154,0.75245,0.0675,0.09878,0.04188,1.80582,4.57827,0.01311,0.00056795,0.00056795,0.00056795
8,74.3165,1.65632,3.54849,0.01135,0.62926,0.09967,0.11109,0.04987,1.8218,4.38132,0.01321,0.000551442,0.000551442,0.000551442
9,79.6555,1.65816,3.53419,0.0118,0.56487,0.1347,0.12135,0.05945,1.82793,4.18187,0.01292,0.000534934,0.000534934,0.000534934
10,86.2454,1.66385,3.51515,0.01237,0.5568,0.16948,0.13475,0.06465,1.83346,4.04292,0.01291,0.000518426,0.000518426,0.000518426
11,91.3892,1.61094,3.39557,0.01128,0.4806,0.18866,0.15642,0.07287,1.8342,3.89926,0.01299,0.000501917,0.000501917,0.000501917
12,98.5532,1.56482,3.30357,0.01068,0.60229,0.19669,0.16895,0.0773,1.78022,3.8269,0.01285,0.000485409,0.000485409,0.000485409
13,103.858,1.5903,3.13494,0.01106,0.48961,0.18308,0.17513,0.08066,1.83917,3.77016,0.01294,0.000468901,0.000468901,0.000468901
14,109.072,1.59428,3.02783,0.01076,0.41949,0.20666,0.18343,0.08835,1.79494,3.69613,0.01288,0.000452393,0.000452393,0.000452393
15,115.913,1.59564,3.06014,0.01188,0.41246,0.25202,0.19418,0.09476,1.82368,3.63206,0.01313,0.000435884,0.000435884,0.000435884
16,121.017,1.52456,3.0279,0.01193,0.41471,0.24995,0.20482,0.10213,1.8294,3.58875,0.01313,0.000419376,0.000419376,0.000419376
17,127.896,1.54895,2.90656,0.01085,0.33485,0.25301,0.20967,0.10766,1.83255,3.53077,0.01306,0.000402868,0.000402868,0.000402868
18,133.375,1.52408,2.81935,0.01076,0.34254,0.24036,0.20238,0.10172,1.82391,3.49105,0.01299,0.00038636,0.00038636,0.00038636
19,138.769,1.56536,2.70081,0.01024,0.40436,0.24843,0.2198,0.10751,1.83081,3.37135,0.01294,0.000369851,0.000369851,0.000369851
20,145.579,1.51169,2.74886,0.01089,0.40797,0.28634,0.22799,0.11136,1.83221,3.32014,0.01291,0.000353343,0.000353343,0.000353343
21,150.983,1.50156,2.66575,0.01014,0.45686,0.27305,0.23418,0.11273,1.83563,3.29555,0.01283,0.000336835,0.000336835,0.000336835
22,157.652,1.4422,2.67249,0.01084,0.44585,0.29209,0.23702,0.11722,1.82793,3.24296,0.01283,0.000320327,0.000320327,0.000320327
23,163.41,1.53224,2.68432,0.01141,0.35968,0.25598,0.24874,0.1141,1.85244,3.244,0.01308,0.000303818,0.000303818,0.000303818
24,169.006,1.53915,2.57561,0.01107,0.3739,0.29957,0.25328,0.11644,1.83607,3.20382,0.01292,0.00028731,0.00028731,0.00028731
25,176.402,1.45946,2.6186,0.01107,0.58228,0.27656,0.2582,0.12615,1.82172,3.17412,0.01286,0.000270802,0.000270802,0.000270802
26,181.8,1.50781,2.41957,0.01001,0.55531,0.28189,0.26199,0.13217,1.81104,3.12029,0.01266,0.000254294,0.000254294,0.000254294
27,189.018,1.45141,2.50352,0.00982,0.52409,0.25208,0.26576,0.13568,1.81698,3.05258,0.01271,0.000237785,0.000237785,0.000237785
28,194.218,1.49302,2.5043,0.01038,0.42408,0.30275,0.26517,0.13419,1.81974,3.03732,0.01274,0.000221277,0.000221277,0.000221277
29,199.809,1.52853,2.46369,0.01007,0.31012,0.32294,0.26499,0.13838,1.80108,3.03936,0.01245,0.000204769,0.000204769,0.000204769
30,206.524,1.45446,2.52291,0.01028,0.30473,0.3092,0.27045,0.14164,1.79677,3.00687,0.01246,0.000188261,0.000188261,0.000188261
31,213.967,1.5286,2.84458,0.012,0.30963,0.29103,0.27523,0.14215,1.81491,3.00385,0.01269,0.000171752,0.000171752,0.000171752
32,220.922,1.44603,2.78615,0.01204,0.34518,0.28541,0.28469,0.13479,1.83411,3.06636,0.01323,0.000155244,0.000155244,0.000155244
33,225.961,1.50806,2.74689,0.01117,0.35257,0.27761,0.2826,0.13703,1.81608,3.03133,0.01256,0.000138736,0.000138736,0.000138736
34,232.149,1.47991,2.69657,0.01136,0.33312,0.29955,0.27194,0.13608,1.81424,2.96741,0.01236,0.000122228,0.000122228,0.000122228
35,237.784,1.44385,2.6912,0.0109,0.33295,0.31523,0.27153,0.13733,1.8083,2.92748,0.01239,0.00010572,0.00010572,0.00010572
36,242.982,1.42948,2.63939,0.01106,0.32661,0.30885,0.27284,0.1402,1.81909,2.89514,0.01247,8.92113e-05,8.92113e-05,8.92113e-05
37,249.732,1.42959,2.68492,0.01108,0.3213,0.31025,0.27385,0.14216,1.82081,2.88128,0.01246,7.2703e-05,7.2703e-05,7.2703e-05
38,254.796,1.40832,2.56184,0.0113,0.41437,0.31419,0.27569,0.14331,1.81734,2.87887,0.01237,5.61947e-05,5.61947e-05,5.61947e-05
39,260.213,1.45435,2.59948,0.01109,0.41887,0.32656,0.27483,0.1428,1.81043,2.87963,0.01225,3.96865e-05,3.96865e-05,3.96865e-05
40,266.626,1.40757,2.53579,0.01055,0.42526,0.33046,0.27488,0.14283,1.80064,2.88446,0.01218,2.31783e-05,2.31783e-05,2.31783e-05
